settlementDate,settlementPeriodFrom,settlementPeriodTo,timeFrom,timeTo,levelFrom,levelTo,nationalGridBmUnit,bmUnit,acceptanceNumber,acceptanceTime,deemedBoFlag,soFlag,storFlag,rrFlag
2025-11-21,1,2,2025-11-21T00:29:00Z,2025-11-21T00:34:00Z,776,650,ROCK-1,T_ROCK-1,222266,2025-11-21T00:27:00Z,False,False,False,False
2025-11-21,1,2,2025-11-21T00:29:00Z,2025-11-21T00:30:00Z,0,-9,FFSE01,2__FFSEN005,29964,2025-11-21T00:22:00Z,False,False,False,False
2025-11-21,1,2,2025-11-21T00:29:00Z,2025-11-21T00:30:00Z,0,-7,LKSDB-1,T_LKSDB-1,26804,2025-11-21T00:22:00Z,False,False,False,False
2025-11-21,1,2,2025-11-21T00:29:00Z,2025-11-21T00:30:00Z,-8,-7,LKSDB-1,T_LKSDB-1,26805,2025-11-21T00:25:00Z,False,False,False,False
2025-11-21,1,2,2025-11-21T00:29:00Z,2025-11-21T00:30:00Z,0,-1,WTRSB-1,2__GCMRO002,30578,2025-11-21T00:22:00Z,False,False,False,False
2025-11-21,1,2,2025-11-21T00:28:00Z,2025-11-21T00:43:00Z,371,371,SHOS-1,E_SHOS-1,165865,2025-11-21T00:26:00Z,False,False,False,False
2025-11-21,1,2,2025-11-21T00:27:00Z,2025-11-21T00:31:00Z,-49,-49,AG-CBS08M,V__MCEND001,13906,2025-11-21T00:25:00Z,False,False,False,False
2025-11-21,1,2,2025-11-21T00:27:00Z,2025-11-21T00:31:00Z,-40,-40,BARNB-1,E_BARNB-1,39389,2025-11-21T00:25:00Z,False,False,False,False
2025-11-21,1,2,2025-11-21T00:27:00Z,2025-11-21T00:31:00Z,-27,-27,BLHLB-2,T_BLHLB-2,17000,2025-11-21T00:25:00Z,False,False,False,False
2025-11-21,1,2,2025-11-21T00:27:00Z,2025-11-21T00:30:00Z,0,0,PILLB-1,E_PILLB-1,46349,2025-11-21T00:25:00Z,False,False,False,False
2025-11-21,1,1,2025-11-21T00:27:00Z,2025-11-21T00:29:00Z,-8,-8,LKSDB-1,T_LKSDB-1,26805,2025-11-21T00:25:00Z,False,False,False,False
2025-11-21,1,2,2025-11-21T00:26:00Z,2025-11-21T00:35:00Z,350,447,SHOS-1,E_SHOS-1,165864,2025-11-21T00:00:00Z,False,False,False,False
2025-11-21,1,1,2025-11-21T00:26:00Z,2025-11-21T00:28:00Z,842,844,LAGA-1,T_LAGA-1,161438,2025-11-21T00:00:00Z,False,False,False,False
2025-11-21,1,1,2025-11-21T00:26:00Z,2025-11-21T00:27:00Z,0,-49,AG-CBS08M,V__MCEND001,13906,2025-11-21T00:25:00Z,False,False,False,False
2025-11-21,1,1,2025-11-21T00:26:00Z,2025-11-21T00:27:00Z,0,-40,BARNB-1,E_BARNB-1,39389,2025-11-21T00:25:00Z,False,False,False,False
2025-11-21,1,1,2025-11-21T00:26:00Z,2025-11-21T00:27:00Z,0,-27,BLHLB-2,T_BLHLB-2,17000,2025-11-21T00:25:00Z,False,False,False,False
2025-11-21,1,1,2025-11-21T00:26:00Z,2025-11-21T00:27:00Z,0,-8,LKSDB-1,T_LKSDB-1,26805,2025-11-21T00:25:00Z,False,False,False,False
2025-11-21,1,1,2025-11-21T00:26:00Z,2025-11-21T00:27:00Z,1,0,PILLB-1,E_PILLB-1,46349,2025-11-21T00:25:00Z,False,False,False,False
2025-11-21,1,1,2025-11-21T00:24:00Z,2025-11-21T00:25:00Z,30,0,WBURB-1,T_WBURB-1,152406,2025-11-20T23:02:00Z,False,False,False,False
2025-11-21,1,2,2025-11-21T00:23:00Z,2025-11-21T00:38:00Z,350,350,GRAI-6,T_GRAI-6,153842,2025-11-21T00:18:00Z,False,False,False,False
2025-11-21,1,1,2025-11-21T00:23:00Z,2025-11-21T00:29:00Z,350,418,GRAI-6,T_GRAI-6,153841,2025-11-21T00:00:00Z,False,False,False,False
2025-11-21,1,1,2025-11-21T00:22:00Z,2025-11-21T00:26:00Z,750,842,LAGA-1,T_LAGA-1,161438,2025-11-21T00:00:00Z,False,False,False,False
2025-11-21,1,1,2025-11-21T00:21:00Z,2025-11-21T00:27:00Z,180,255,SHBA-2,T_SHBA-2,198728,2025-11-20T23:53:00Z,False,False,False,False
2025-11-21,1,1,2025-11-21T00:21:00Z,2025-11-21T00:22:00Z,0,-278,DINO-1,T_DINO-1,146097,2025-11-21T00:16:00Z,False,False,False,False
2025-11-21,1,2,2025-11-21T00:18:00Z,2025-11-21T00:48:00Z,300,300,GRAI-7,T_GRAI-7,150134,2025-11-20T23:44:00Z,False,False,False,False
2025-11-21,1,1,2025-11-21T00:18:00Z,2025-11-21T00:29:00Z,300,430,GRAI-7,T_GRAI-7,150133,2025-11-20T23:29:00Z,False,False,False,False
2025-11-21,1,1,2025-11-21T00:17:00Z,2025-11-21T00:21:00Z,0,0,DINO-1,T_DINO-1,146097,2025-11-21T00:16:00Z,False,False,False,False
2025-11-21,1,1,2025-11-21T00:17:00Z,2025-11-21T00:18:00Z,0,-278,DINO-1,T_DINO-1,146096,2025-11-21T00:10:00Z,False,False,False,False
2025-11-21,1,1,2025-11-21T00:16:00Z,2025-11-21T00:22:00Z,625,776,ROCK-1,T_ROCK-1,222263,2025-11-20T23:38:00Z,False,False,False,False
2025-11-21,1,1,2025-11-21T00:13:00Z,2025-11-21T00:24:00Z,158,30,WBURB-1,T_WBURB-1,152406,2025-11-20T23:02:00Z,False,False,False,False
2025-11-21,1,1,2025-11-21T00:13:00Z,2025-11-21T00:19:00Z,566,798,SHBA-1,T_SHBA-1,235053,2025-11-21T00:00:00Z,False,False,False,False
2025-11-21,1,1,2025-11-21T00:13:00Z,2025-11-21T00:14:00Z,0,-278,DINO-6,T_DINO-6,176059,2025-11-21T00:08:00Z,False,False,False,False
2025-11-21,1,1,2025-11-21T00:12:00Z,2025-11-21T00:25:00Z,420,776,ROCK-1,T_ROCK-1,222265,2025-11-20T23:52:00Z,False,False,False,False
2025-11-21,1,1,2025-11-21T00:12:00Z,2025-11-21T00:21:00Z,325,430,GRAI-8,T_GRAI-8,163439,2025-11-20T23:42:00Z,False,False,False,False
2025-11-21,1,1,2025-11-21T00:12:00Z,2025-11-21T00:17:00Z,0,0,DINO-1,T_DINO-1,146096,2025-11-21T00:10:00Z,False,False,False,False
2025-11-21,1,1,2025-11-21T00:12:00Z,2025-11-21T00:13:00Z,0,-278,DINO-1,T_DINO-1,146095,2025-11-21T00:07:00Z,False,False,False,False
2025-11-21,1,2,2025-11-21T00:11:00Z,2025-11-21T00:41:00Z,185,185,WBURB-1,T_WBURB-1,152408,2025-11-20T23:32:00Z,False,False,False,False
2025-11-21,1,1,2025-11-21T00:11:00Z,2025-11-21T00:26:00Z,350,350,SHOS-1,E_SHOS-1,165864,2025-11-21T00:00:00Z,False,False,False,False
2025-11-21,1,1,2025-11-21T00:11:00Z,2025-11-21T00:13:00Z,185,158,WBURB-1,T_WBURB-1,152406,2025-11-20T23:02:00Z,False,False,False,False
2025-11-21,1,1,2025-11-21T00:10:00Z,2025-11-21T00:13:00Z,0,0,DINO-6,T_DINO-6,176059,2025-11-21T00:08:00Z,False,False,False,False
2025-11-21,1,2,2025-11-21T00:09:00Z,2025-11-21T00:39:00Z,600,600,MEDP-1,T_MEDP-1,135444,2025-11-20T23:45:00Z,False,False,False,False
2025-11-21,1,1,2025-11-21T00:09:00Z,2025-11-21T00:15:00Z,600,710,MEDP-1,T_MEDP-1,135443,2025-11-20T23:42:00Z,False,False,False,False
2025-11-21,1,1,2025-11-21T00:09:00Z,2025-11-21T00:12:00Z,0,0,DINO-1,T_DINO-1,146095,2025-11-21T00:07:00Z,False,False,False,False
2025-11-21,1,1,2025-11-21T00:09:00Z,2025-11-21T00:10:00Z,-278,0,DINO-6,T_DINO-6,176059,2025-11-21T00:08:00Z,False,False,False,False
2025-11-21,1,1,2025-11-21T00:08:00Z,2025-11-21T00:23:00Z,350,350,GRAI-6,T_GRAI-6,153841,2025-11-21T00:00:00Z,False,False,False,False
2025-11-21,1,1,2025-11-21T00:08:00Z,2025-11-21T00:09:00Z,-278,0,DINO-1,T_DINO-1,146095,2025-11-21T00:07:00Z,False,False,False,False
2025-11-21,1,1,2025-11-21T00:07:00Z,2025-11-21T00:22:00Z,750,750,LAGA-1,T_LAGA-1,161438,2025-11-21T00:00:00Z,False,False,False,False
2025-11-21,1,1,2025-11-21T00:07:00Z,2025-11-21T00:12:00Z,600,798,SHBA-1,T_SHBA-1,235051,2025-11-20T23:35:00Z,False,False,False,False
2025-11-21,1,1,2025-11-21T00:06:00Z,2025-11-21T00:11:00Z,500,625,ROCK-1,T_ROCK-1,222264,2025-11-20T23:42:00Z,False,False,False,False
2025-11-21,1,1,2025-11-21T00:03:00Z,2025-11-21T00:13:00Z,566,566,SHBA-1,T_SHBA-1,235053,2025-11-21T00:00:00Z,False,False,False,False
2025-11-21,1,1,2025-11-21T00:03:00Z,2025-11-21T00:07:00Z,842,750,LAGA-1,T_LAGA-1,161438,2025-11-21T00:00:00Z,False,False,False,False
2025-11-21,1,1,2025-11-21T00:02:00Z,2025-11-21T00:11:00Z,447,350,SHOS-1,E_SHOS-1,165864,2025-11-21T00:00:00Z,False,False,False,False
2025-11-21,1,1,2025-11-21T00:02:00Z,2025-11-21T00:08:00Z,418,350,GRAI-6,T_GRAI-6,153841,2025-11-21T00:00:00Z,False,False,False,False
2025-11-21,1,1,2025-11-21T00:02:00Z,2025-11-21T00:03:00Z,844,842,LAGA-1,T_LAGA-1,161438,2025-11-21T00:00:00Z,False,False,False,False
2025-11-21,1,1,2025-11-21T00:02:00Z,2025-11-21T00:03:00Z,600,566,SHBA-1,T_SHBA-1,235053,2025-11-21T00:00:00Z,False,False,False,False
2025-11-21,1,1,2025-11-21T00:01:00Z,2025-11-21T00:21:00Z,180,180,SHBA-2,T_SHBA-2,198728,2025-11-20T23:53:00Z,False,False,False,False
2025-11-20,48,2,2025-11-20T23:59:00Z,2025-11-21T00:30:00Z,220,220,SCCL-2,T_SCCL-2,129909,2025-11-20T23:00:00Z,False,False,False,False
2025-11-20,48,1,2025-11-20T23:59:00Z,2025-11-21T00:02:00Z,500,600,SHBA-1,T_SHBA-1,235052,2025-11-20T23:44:00Z,False,False,False,False
2025-11-20,48,1,2025-11-20T23:57:00Z,2025-11-21T00:12:00Z,420,420,ROCK-1,T_ROCK-1,222265,2025-11-20T23:52:00Z,False,False,False,False
2025-11-20,48,1,2025-11-20T23:55:00Z,2025-11-21T00:01:00Z,255,180,SHBA-2,T_SHBA-2,198728,2025-11-20T23:53:00Z,False,False,False,False
2025-11-20,48,1,2025-11-20T23:52:00Z,2025-11-21T00:12:00Z,325,325,GRAI-8,T_GRAI-8,163439,2025-11-20T23:42:00Z,False,False,False,False
2025-11-20,48,1,2025-11-20T23:51:00Z,2025-11-21T00:06:00Z,500,500,ROCK-1,T_ROCK-1,222264,2025-11-20T23:42:00Z,False,False,False,False
2025-11-20,48,1,2025-11-20T23:49:00Z,2025-11-21T00:09:00Z,600,600,MEDP-1,T_MEDP-1,135443,2025-11-20T23:42:00Z,False,False,False,False
2025-11-20,48,1,2025-11-20T23:48:00Z,2025-11-21T00:18:00Z,300,300,GRAI-7,T_GRAI-7,150133,2025-11-20T23:29:00Z,False,False,False,False
2025-11-20,48,1,2025-11-20T23:46:00Z,2025-11-21T00:16:00Z,625,625,ROCK-1,T_ROCK-1,222263,2025-11-20T23:38:00Z,False,False,False,False
2025-11-20,48,1,2025-11-20T23:41:00Z,2025-11-21T00:11:00Z,185,185,WBURB-1,T_WBURB-1,152406,2025-11-20T23:02:00Z,False,False,False,False
2025-11-20,48,1,2025-11-20T23:37:00Z,2025-11-21T00:07:00Z,600,600,SHBA-1,T_SHBA-1,235051,2025-11-20T23:35:00Z,False,False,False,False
2025-11-21,2,3,2025-11-21T00:59:00Z,2025-11-21T01:06:00Z,335,418,GRAI-6,T_GRAI-6,153844,2025-11-21T00:47:00Z,False,False,False,False
2025-11-21,2,3,2025-11-21T00:59:00Z,2025-11-21T01:00:00Z,0,-5,BROFB-1,E_BROFB-1,13160,2025-11-21T00:54:00Z,False,False,False,False
2025-11-21,2,3,2025-11-21T00:57:00Z,2025-11-21T01:01:00Z,300,352,CNQPS-3,T_CNQPS-3,104886,2025-11-21T00:45:00Z,False,False,False,False
2025-11-21,2,3,2025-11-21T00:56:00Z,2025-11-21T01:01:00Z,776,650,ROCK-1,T_ROCK-1,222268,2025-11-21T00:50:00Z,False,False,False,False
2025-11-21,2,2,2025-11-21T00:56:00Z,2025-11-21T00:58:00Z,0,0,BROFB-1,E_BROFB-1,13159,2025-11-21T00:40:00Z,False,False,False,False
2025-11-21,2,2,2025-11-21T00:55:00Z,2025-11-21T00:56:00Z,1,0,BROFB-1,E_BROFB-1,13159,2025-11-21T00:40:00Z,False,False,False,False
2025-11-21,2,3,2025-11-21T00:54:00Z,2025-11-21T01:04:00Z,680,680,KEAD-1,T_KEAD-1,152506,2025-11-21T00:48:00Z,False,False,False,False
2025-11-21,2,2,2025-11-21T00:54:00Z,2025-11-21T00:55:00Z,9,1,BROFB-1,E_BROFB-1,13158,2025-11-21T00:39:00Z,False,False,False,False
2025-11-21,2,2,2025-11-21T00:54:00Z,2025-11-21T00:55:00Z,30,0,WBURB-1,T_WBURB-1,152408,2025-11-20T23:32:00Z,False,False,False,False
2025-11-21,2,2,2025-11-21T00:53:00Z,2025-11-21T00:54:00Z,9,9,BROFB-1,E_BROFB-1,13158,2025-11-21T00:39:00Z,False,False,False,False
2025-11-21,2,2,2025-11-21T00:53:00Z,2025-11-21T00:54:00Z,10,2,FFSE01,2__FFSEN005,29965,2025-11-21T00:38:00Z,False,False,False,False
2025-11-21,2,2,2025-11-21T00:53:00Z,2025-11-21T00:54:00Z,20,0,POTES-1,E_POTES-1,31669,2025-11-21T00:38:00Z,False,False,False,False
2025-11-21,2,2,2025-11-21T00:52:00Z,2025-11-21T00:54:00Z,241,255,SHBA-2,T_SHBA-2,198730,2025-11-21T00:45:00Z,False,False,False,False
2025-11-21,2,2,2025-11-21T00:52:00Z,2025-11-21T00:53:00Z,10,1,BROFB-1,E_BROFB-1,13157,2025-11-21T00:38:00Z,False,False,False,False
2025-11-21,2,2,2025-11-21T00:52:00Z,2025-11-21T00:53:00Z,10,9,BROFB-1,E_BROFB-1,13158,2025-11-21T00:39:00Z,False,False,False,False
2025-11-21,2,2,2025-11-21T00:52:00Z,2025-11-21T00:53:00Z,14,13,FFSE02,2__FFSEN007,23863,2025-11-21T00:38:00Z,False,False,False,False
2025-11-21,2,2,2025-11-21T00:52:00Z,2025-11-21T00:53:00Z,30,0,NTRVB-1,T_NTRVB-1,26977,2025-11-21T00:39:00Z,False,False,False,False
2025-11-21,2,2,2025-11-21T00:52:00Z,2025-11-21T00:53:00Z,-6,-21,SKELB-1,E_SKELB-1,47718,2025-11-21T00:38:00Z,False,False,False,False
2025-11-21,2,2,2025-11-21T00:52:00Z,2025-11-21T00:53:00Z,16,0,THMRB-1,E_THMRB-1,47383,2025-11-21T00:38:00Z,False,False,False,False
2025-11-21,2,2,2025-11-21T00:51:00Z,2025-11-21T00:57:00Z,300,300,CNQPS-3,T_CNQPS-3,104886,2025-11-21T00:45:00Z,False,False,False,False
2025-11-21,2,2,2025-11-21T00:51:00Z,2025-11-21T00:52:00Z,7,0,BUXTB-1,2__GCMRO001,36719,2025-11-21T00:38:00Z,False,False,False,False
2025-11-21,2,2,2025-11-21T00:51:00Z,2025-11-21T00:52:00Z,18,0,SWGTB-1,2__MCMRO003,23041,2025-11-21T00:38:00Z,False,False,False,False
2025-11-21,2,2,2025-11-21T00:50:00Z,2025-11-21T00:54:00Z,736,680,KEAD-1,T_KEAD-1,152506,2025-11-21T00:48:00Z,False,False,False,False
2025-11-21,2,2,2025-11-21T00:50:00Z,2025-11-21T00:52:00Z,30,30,NTRVB-1,T_NTRVB-1,26977,2025-11-21T00:39:00Z,False,False,False,False
2025-11-21,2,2,2025-11-21T00:50:00Z,2025-11-21T00:51:00Z,4,0,AG-CBS05L,V__LCEND005,33018,2025-11-21T00:38:00Z,False,False,False,False
2025-11-21,2,2,2025-11-21T00:50:00Z,2025-11-21T00:51:00Z,12,0,CRSSB-1,E_CRSSB-1,46860,2025-11-21T00:38:00Z,False,False,False,False
2025-11-21,2,2,2025-11-21T00:50:00Z,2025-11-21T00:51:00Z,23,0,TYLNB-1,T_TYLNB-1,23618,2025-11-21T00:38:00Z,False,False,False,False
2025-11-21,2,2,2025-11-21T00:50:00Z,2025-11-21T00:51:00Z,5,0,WTRSB-1,2__GCMRO002,30580,2025-11-21T00:38:00Z,False,False,False,False
2025-11-21,2,2,2025-11-21T00:49:00Z,2025-11-21T00:59:00Z,335,335,GRAI-6,T_GRAI-6,153844,2025-11-21T00:47:00Z,False,False,False,False
2025-11-21,2,2,2025-11-21T00:49:00Z,2025-11-21T00:50:00Z,1,0,COWB-1,T_COWB-1,45753,2025-11-21T00:38:00Z,False,False,False,False
2025-11-21,2,2,2025-11-21T00:49:00Z,2025-11-21T00:50:00Z,57,0,NTRVB-1,T_NTRVB-1,26976,2025-11-21T00:38:00Z,False,False,False,False
2025-11-21,2,2,2025-11-21T00:49:00Z,2025-11-21T00:50:00Z,57,30,NTRVB-1,T_NTRVB-1,26977,2025-11-21T00:39:00Z,False,False,False,False
2025-11-21,2,3,2025-11-21T00:48:00Z,2025-11-21T01:18:00Z,300,300,GRAI-7,T_GRAI-7,150135,2025-11-21T00:17:00Z,False,False,False,False
2025-11-21,2,2,2025-11-21T00:48:00Z,2025-11-21T00:59:00Z,300,430,GRAI-7,T_GRAI-7,150134,2025-11-20T23:44:00Z,False,False,False,False
2025-11-21,2,2,2025-11-21T00:48:00Z,2025-11-21T00:53:00Z,20,20,POTES-1,E_POTES-1,31669,2025-11-21T00:38:00Z,False,False,False,False
2025-11-21,2,2,2025-11-21T00:48:00Z,2025-11-21T00:52:00Z,10,10,BROFB-1,E_BROFB-1,13157,2025-11-21T00:38:00Z,False,False,False,False
2025-11-21,2,2,2025-11-21T00:48:00Z,2025-11-21T00:52:00Z,14,14,FFSE02,2__FFSEN007,23863,2025-11-21T00:38:00Z,False,False,False,False
2025-11-21,2,2,2025-11-21T00:48:00Z,2025-11-21T00:51:00Z,18,18,SWGTB-1,2__MCMRO003,23041,2025-11-21T00:38:00Z,False,False,False,False
2025-11-21,2,2,2025-11-21T00:48:00Z,2025-11-21T00:50:00Z,4,4,AG-CBS05L,V__LCEND005,33018,2025-11-21T00:38:00Z,False,False,False,False
2025-11-21,2,2,2025-11-21T00:48:00Z,2025-11-21T00:50:00Z,12,12,CRSSB-1,E_CRSSB-1,46860,2025-11-21T00:38:00Z,False,False,False,False
2025-11-21,2,2,2025-11-21T00:48:00Z,2025-11-21T00:49:00Z,4,0,AG-CBS05L,V__LCEND005,33017,2025-11-21T00:36:00Z,False,False,False,False
2025-11-21,2,2,2025-11-21T00:48:00Z,2025-11-21T00:49:00Z,22,0,BREDB-1,T_BREDB-1,3330,2025-11-21T00:39:00Z,False,False,False,False
2025-11-21,2,2,2025-11-21T00:48:00Z,2025-11-21T00:49:00Z,10,1,BROFB-1,E_BROFB-1,13156,2025-11-21T00:36:00Z,False,False,False,False
2025-11-21,2,2,2025-11-21T00:48:00Z,2025-11-21T00:49:00Z,12,0,CRSSB-1,E_CRSSB-1,46859,2025-11-21T00:36:00Z,False,False,False,False
2025-11-21,2,2,2025-11-21T00:48:00Z,2025-11-21T00:49:00Z,14,13,FFSE02,2__FFSEN007,23862,2025-11-21T00:36:00Z,False,False,False,False
2025-11-21,2,2,2025-11-21T00:48:00Z,2025-11-21T00:49:00Z,20,0,POTES-1,E_POTES-1,31668,2025-11-21T00:36:00Z,False,False,False,False
2025-11-21,2,2,2025-11-21T00:48:00Z,2025-11-21T00:49:00Z,18,0,SWGTB-1,2__MCMRO003,23040,2025-11-21T00:36:00Z,False,False,False,False
2025-11-21,2,2,2025-11-21T00:47:00Z,2025-11-21T00:52:00Z,241,241,SHBA-2,T_SHBA-2,198730,2025-11-21T00:45:00Z,False,False,False,False
2025-11-21,2,2,2025-11-21T00:47:00Z,2025-11-21T00:51:00Z,352,300,CNQPS-3,T_CNQPS-3,104886,2025-11-21T00:45:00Z,False,False,False,False
2025-11-21,2,2,2025-11-21T00:47:00Z,2025-11-21T00:48:00Z,1,0,AG-EXE00E,V__EEXRG001,3199,2025-11-21T00:38:00Z,False,False,False,False
2025-11-21,2,2,2025-11-21T00:47:00Z,2025-11-21T00:48:00Z,8,0,BARNB-1,E_BARNB-1,39390,2025-11-21T00:38:00Z,False,False,False,False
2025-11-21,2,2,2025-11-21T00:47:00Z,2025-11-21T00:48:00Z,10,0,BUSTB-1,T_BUSTB-1,42188,2025-11-21T00:38:00Z,False,False,False,False
2025-11-21,2,2,2025-11-21T00:47:00Z,2025-11-21T00:48:00Z,1,0,COVNB-1,T_COVNB-1,42801,2025-11-21T00:38:00Z,False,False,False,False
2025-11-21,2,2,2025-11-21T00:47:00Z,2025-11-21T00:48:00Z,0,-277,DINO-1,T_DINO-1,146099,2025-11-21T00:42:00Z,False,False,False,False
2025-11-21,2,2,2025-11-21T00:47:00Z,2025-11-21T00:48:00Z,10,0,SUNDB-1,T_SUNDB-1,31879,2025-11-21T00:38:00Z,False,False,False,False
2025-11-21,2,2,2025-11-21T00:46:00Z,2025-11-21T00:56:00Z,300,418,GRAI-6,T_GRAI-6,153843,2025-11-21T00:29:00Z,False,False,False,False
2025-11-21,2,2,2025-11-21T00:46:00Z,2025-11-21T00:48:00Z,22,22,BREDB-1,T_BREDB-1,3330,2025-11-21T00:39:00Z,False,False,False,False
2025-11-21,2,2,2025-11-21T00:46:00Z,2025-11-21T00:47:00Z,4,0,HSSE01,2__HIMPO002,36263,2025-11-21T00:38:00Z,False,False,False,False
2025-11-21,2,2,2025-11-21T00:45:00Z,2025-11-21T00:53:00Z,10,10,FFSE01,2__FFSEN005,29965,2025-11-21T00:38:00Z,False,False,False,False
2025-11-21,2,2,2025-11-21T00:45:00Z,2025-11-21T00:51:00Z,7,7,BUXTB-1,2__GCMRO001,36719,2025-11-21T00:38:00Z,False,False,False,False
2025-11-21,2,2,2025-11-21T00:45:00Z,2025-11-21T00:50:00Z,23,23,TYLNB-1,T_TYLNB-1,23618,2025-11-21T00:38:00Z,False,False,False,False
2025-11-21,2,2,2025-11-21T00:45:00Z,2025-11-21T00:49:00Z,1,1,COWB-1,T_COWB-1,45753,2025-11-21T00:38:00Z,False,False,False,False
2025-11-21,2,2,2025-11-21T00:45:00Z,2025-11-21T00:48:00Z,14,14,FFSE02,2__FFSEN007,23862,2025-11-21T00:36:00Z,False,False,False,False
2025-11-21,2,2,2025-11-21T00:45:00Z,2025-11-21T00:48:00Z,20,20,POTES-1,E_POTES-1,31668,2025-11-21T00:36:00Z,False,False,False,False
2025-11-21,2,2,2025-11-21T00:45:00Z,2025-11-21T00:47:00Z,1,1,AG-EXE00E,V__EEXRG001,3199,2025-11-21T00:38:00Z,False,False,False,False
2025-11-21,2,2,2025-11-21T00:45:00Z,2025-11-21T00:47:00Z,8,8,BARNB-1,E_BARNB-1,39390,2025-11-21T00:38:00Z,False,False,False,False
2025-11-21,2,2,2025-11-21T00:45:00Z,2025-11-21T00:47:00Z,10,10,BUSTB-1,T_BUSTB-1,42188,2025-11-21T00:38:00Z,False,False,False,False
2025-11-21,2,2,2025-11-21T00:45:00Z,2025-11-21T00:47:00Z,1,1,COVNB-1,T_COVNB-1,42801,2025-11-21T00:38:00Z,False,False,False,False
2025-11-21,2,2,2025-11-21T00:45:00Z,2025-11-21T00:47:00Z,10,10,SUNDB-1,T_SUNDB-1,31879,2025-11-21T00:38:00Z,False,False,False,False
2025-11-21,2,2,2025-11-21T00:45:00Z,2025-11-21T00:46:00Z,0,-1,AG-HEDF02,2__HLOND002,12951,2025-11-21T00:38:00Z,False,False,False,False
2025-11-21,2,2,2025-11-21T00:45:00Z,2025-11-21T00:46:00Z,49,0,BREDB-1,T_BREDB-1,3329,2025-11-21T00:38:00Z,False,False,False,False
2025-11-21,2,2,2025-11-21T00:45:00Z,2025-11-21T00:46:00Z,49,22,BREDB-1,T_BREDB-1,3330,2025-11-21T00:39:00Z,False,False,False,False
2025-11-21,2,2,2025-11-21T00:44:00Z,2025-11-21T00:52:00Z,-6,-6,SKELB-1,E_SKELB-1,47718,2025-11-21T00:38:00Z,False,False,False,False
2025-11-21,2,2,2025-11-21T00:44:00Z,2025-11-21T00:52:00Z,16,16,THMRB-1,E_THMRB-1,47383,2025-11-21T00:38:00Z,False,False,False,False
2025-11-21,2,2,2025-11-21T00:44:00Z,2025-11-21T00:50:00Z,5,5,WTRSB-1,2__GCMRO002,30580,2025-11-21T00:38:00Z,False,False,False,False
2025-11-21,2,2,2025-11-21T00:44:00Z,2025-11-21T00:49:00Z,57,57,NTRVB-1,T_NTRVB-1,26976,2025-11-21T00:38:00Z,False,False,False,False
2025-11-21,2,2,2025-11-21T00:44:00Z,2025-11-21T00:49:00Z,650,776,ROCK-1,T_ROCK-1,222266,2025-11-21T00:27:00Z,False,False,False,False
2025-11-21,2,2,2025-11-21T00:44:00Z,2025-11-21T00:48:00Z,200,255,SHBA-2,T_SHBA-2,198729,2025-11-21T00:30:00Z,False,False,False,False
2025-11-21,2,2,2025-11-21T00:44:00Z,2025-11-21T00:47:00Z,0,0,DINO-1,T_DINO-1,146099,2025-11-21T00:42:00Z,False,False,False,False
2025-11-21,2,2,2025-11-21T00:44:00Z,2025-11-21T00:46:00Z,4,4,HSSE01,2__HIMPO002,36263,2025-11-21T00:38:00Z,False,False,False,False
2025-11-21,2,2,2025-11-21T00:44:00Z,2025-11-21T00:46:00Z,750,799,SHBA-1,T_SHBA-1,235054,2025-11-21T00:30:00Z,False,False,False,False
2025-11-21,2,2,2025-11-21T00:44:00Z,2025-11-21T00:45:00Z,0,1,AG-EXE00E,V__EEXRG001,3199,2025-11-21T00:38:00Z,False,False,False,False
2025-11-21,2,2,2025-11-21T00:44:00Z,2025-11-21T00:45:00Z,0,-1,AG-HEDF02,2__HLOND002,12950,2025-11-21T00:37:00Z,False,False,False,False
2025-11-21,2,2,2025-11-21T00:44:00Z,2025-11-21T00:45:00Z,0,0,AG-HEDF02,2__HLOND002,12951,2025-11-21T00:38:00Z,False,False,False,False
2025-11-21,2,2,2025-11-21T00:44:00Z,2025-11-21T00:45:00Z,0,8,BARNB-1,E_BARNB-1,39390,2025-11-21T00:38:00Z,False,False,False,False
2025-11-21,2,2,2025-11-21T00:44:00Z,2025-11-21T00:45:00Z,49,0,BREDB-1,T_BREDB-1,3328,2025-11-21T00:37:00Z,False,False,False,False
2025-11-21,2,2,2025-11-21T00:44:00Z,2025-11-21T00:45:00Z,49,49,BREDB-1,T_BREDB-1,3329,2025-11-21T00:38:00Z,False,False,False,False
2025-11-21,2,2,2025-11-21T00:44:00Z,2025-11-21T00:45:00Z,0,10,BUSTB-1,T_BUSTB-1,42188,2025-11-21T00:38:00Z,False,False,False,False
2025-11-21,2,2,2025-11-21T00:44:00Z,2025-11-21T00:45:00Z,6,0,BUXTB-1,2__GCMRO001,36718,2025-11-21T00:36:00Z,False,False,False,False
2025-11-21,2,2,2025-11-21T00:44:00Z,2025-11-21T00:45:00Z,6,7,BUXTB-1,2__GCMRO001,36719,2025-11-21T00:38:00Z,False,False,False,False
2025-11-21,2,2,2025-11-21T00:44:00Z,2025-11-21T00:45:00Z,0,1,COVNB-1,T_COVNB-1,42801,2025-11-21T00:38:00Z,False,False,False,False
2025-11-21,2,2,2025-11-21T00:44:00Z,2025-11-21T00:45:00Z,5,0,COWB-1,T_COWB-1,45752,2025-11-21T00:37:00Z,False,False,False,False
2025-11-21,2,2,2025-11-21T00:44:00Z,2025-11-21T00:45:00Z,5,1,COWB-1,T_COWB-1,45753,2025-11-21T00:38:00Z,False,False,False,False
2025-11-21,2,2,2025-11-21T00:44:00Z,2025-11-21T00:45:00Z,0,-277,DINO-1,T_DINO-1,146098,2025-11-21T00:37:00Z,False,False,False,False
2025-11-21,2,2,2025-11-21T00:44:00Z,2025-11-21T00:45:00Z,3,10,FFSE01,2__FFSEN005,29965,2025-11-21T00:38:00Z,False,False,False,False
2025-11-21,2,2,2025-11-21T00:44:00Z,2025-11-21T00:45:00Z,13,14,FFSE02,2__FFSEN007,23862,2025-11-21T00:36:00Z,False,False,False,False
2025-11-21,2,2,2025-11-21T00:44:00Z,2025-11-21T00:45:00Z,57,1,NTRVB-1,T_NTRVB-1,26975,2025-11-21T00:37:00Z,False,False,False,False
2025-11-21,2,2,2025-11-21T00:44:00Z,2025-11-21T00:45:00Z,0,20,POTES-1,E_POTES-1,31668,2025-11-21T00:36:00Z,False,False,False,False
2025-11-21,2,2,2025-11-21T00:44:00Z,2025-11-21T00:45:00Z,-6,-21,SKELB-1,E_SKELB-1,47717,2025-11-21T00:37:00Z,False,False,False,False
2025-11-21,2,2,2025-11-21T00:44:00Z,2025-11-21T00:45:00Z,3,0,SUNDB-1,T_SUNDB-1,31878,2025-11-21T00:37:00Z,False,False,False,False
2025-11-21,2,2,2025-11-21T00:44:00Z,2025-11-21T00:45:00Z,3,10,SUNDB-1,T_SUNDB-1,31879,2025-11-21T00:38:00Z,False,False,False,False
2025-11-21,2,2,2025-11-21T00:44:00Z,2025-11-21T00:45:00Z,16,0,THMRB-1,E_THMRB-1,47382,2025-11-21T00:37:00Z,False,False,False,False
2025-11-21,2,2,2025-11-21T00:44:00Z,2025-11-21T00:45:00Z,1,0,TYLNB-1,T_TYLNB-1,23617,2025-11-21T00:37:00Z,False,False,False,False
2025-11-21,2,2,2025-11-21T00:44:00Z,2025-11-21T00:45:00Z,1,23,TYLNB-1,T_TYLNB-1,23618,2025-11-21T00:38:00Z,False,False,False,False
2025-11-21,2,2,2025-11-21T00:44:00Z,2025-11-21T00:45:00Z,5,0,WTRSB-1,2__GCMRO002,30579,2025-11-21T00:36:00Z,False,False,False,False
2025-11-21,2,2,2025-11-21T00:43:00Z,2025-11-21T00:54:00Z,158,30,WBURB-1,T_WBURB-1,152408,2025-11-20T23:32:00Z,False,False,False,False
2025-11-21,2,2,2025-11-21T00:43:00Z,2025-11-21T00:50:00Z,371,446,SHOS-1,E_SHOS-1,165865,2025-11-21T00:26:00Z,False,False,False,False
2025-11-21,2,2,2025-11-21T00:43:00Z,2025-11-21T00:44:00Z,0,4,HSSE01,2__HIMPO002,36263,2025-11-21T00:38:00Z,False,False,False,False
2025-11-21,2,3,2025-11-21T00:41:00Z,2025-11-21T01:11:00Z,185,185,WBURB-1,T_WBURB-1,152409,2025-11-21T00:10:00Z,False,False,False,False
2025-11-21,2,2,2025-11-21T00:41:00Z,2025-11-21T00:48:00Z,4,4,AG-CBS05L,V__LCEND005,33017,2025-11-21T00:36:00Z,False,False,False,False
2025-11-21,2,2,2025-11-21T00:41:00Z,2025-11-21T00:48:00Z,10,10,BROFB-1,E_BROFB-1,13156,2025-11-21T00:36:00Z,False,False,False,False
2025-11-21,2,2,2025-11-21T00:41:00Z,2025-11-21T00:48:00Z,12,12,CRSSB-1,E_CRSSB-1,46859,2025-11-21T00:36:00Z,False,False,False,False
2025-11-21,2,2,2025-11-21T00:41:00Z,2025-11-21T00:48:00Z,18,18,SWGTB-1,2__MCMRO003,23040,2025-11-21T00:36:00Z,False,False,False,False
2025-11-21,2,2,2025-11-21T00:41:00Z,2025-11-21T00:44:00Z,6,6,BUXTB-1,2__GCMRO001,36718,2025-11-21T00:36:00Z,False,False,False,False
2025-11-21,2,2,2025-11-21T00:41:00Z,2025-11-21T00:44:00Z,5,5,WTRSB-1,2__GCMRO002,30579,2025-11-21T00:36:00Z,False,False,False,False
2025-11-21,2,2,2025-11-21T00:41:00Z,2025-11-21T00:43:00Z,185,158,WBURB-1,T_WBURB-1,152408,2025-11-20T23:32:00Z,False,False,False,False
2025-11-21,2,2,2025-11-21T00:40:00Z,2025-11-21T00:41:00Z,0,4,AG-CBS05L,V__LCEND005,33017,2025-11-21T00:36:00Z,False,False,False,False
2025-11-21,2,2,2025-11-21T00:40:00Z,2025-11-21T00:41:00Z,1,10,BROFB-1,E_BROFB-1,13156,2025-11-21T00:36:00Z,False,False,False,False
2025-11-21,2,2,2025-11-21T00:40:00Z,2025-11-21T00:41:00Z,0,6,BUXTB-1,2__GCMRO001,36718,2025-11-21T00:36:00Z,False,False,False,False
2025-11-21,2,2,2025-11-21T00:40:00Z,2025-11-21T00:41:00Z,0,12,CRSSB-1,E_CRSSB-1,46859,2025-11-21T00:36:00Z,False,False,False,False
2025-11-21,2,2,2025-11-21T00:40:00Z,2025-11-21T00:41:00Z,0,18,SWGTB-1,2__MCMRO003,23040,2025-11-21T00:36:00Z,False,False,False,False
2025-11-21,2,2,2025-11-21T00:40:00Z,2025-11-21T00:41:00Z,0,5,WTRSB-1,2__GCMRO002,30579,2025-11-21T00:36:00Z,False,False,False,False
2025-11-21,2,2,2025-11-21T00:39:00Z,2025-11-21T00:45:00Z,600,710,MEDP-1,T_MEDP-1,135444,2025-11-20T23:45:00Z,False,False,False,False
2025-11-21,2,2,2025-11-21T00:39:00Z,2025-11-21T00:44:00Z,0,0,AG-HEDF02,2__HLOND002,12950,2025-11-21T00:37:00Z,False,False,False,False
2025-11-21,2,2,2025-11-21T00:39:00Z,2025-11-21T00:44:00Z,49,49,BREDB-1,T_BREDB-1,3328,2025-11-21T00:37:00Z,False,False,False,False
2025-11-21,2,2,2025-11-21T00:39:00Z,2025-11-21T00:44:00Z,5,5,COWB-1,T_COWB-1,45752,2025-11-21T00:37:00Z,False,False,False,False
2025-11-21,2,2,2025-11-21T00:39:00Z,2025-11-21T00:44:00Z,0,0,DINO-1,T_DINO-1,146098,2025-11-21T00:37:00Z,False,False,False,False
2025-11-21,2,2,2025-11-21T00:39:00Z,2025-11-21T00:44:00Z,57,57,NTRVB-1,T_NTRVB-1,26975,2025-11-21T00:37:00Z,False,False,False,False
2025-11-21,2,2,2025-11-21T00:39:00Z,2025-11-21T00:44:00Z,-6,-6,SKELB-1,E_SKELB-1,47717,2025-11-21T00:37:00Z,False,False,False,False
2025-11-21,2,2,2025-11-21T00:39:00Z,2025-11-21T00:44:00Z,3,3,SUNDB-1,T_SUNDB-1,31878,2025-11-21T00:37:00Z,False,False,False,False
2025-11-21,2,2,2025-11-21T00:39:00Z,2025-11-21T00:44:00Z,16,16,THMRB-1,E_THMRB-1,47382,2025-11-21T00:37:00Z,False,False,False,False
2025-11-21,2,2,2025-11-21T00:39:00Z,2025-11-21T00:44:00Z,1,1,TYLNB-1,T_TYLNB-1,23617,2025-11-21T00:37:00Z,False,False,False,False
2025-11-21,2,2,2025-11-21T00:38:00Z,2025-11-21T00:44:00Z,350,418,GRAI-6,T_GRAI-6,153842,2025-11-21T00:18:00Z,False,False,False,False
2025-11-21,2,2,2025-11-21T00:38:00Z,2025-11-21T00:39:00Z,-1,0,AG-HEDF02,2__HLOND002,12950,2025-11-21T00:37:00Z,False,False,False,False
2025-11-21,2,2,2025-11-21T00:38:00Z,2025-11-21T00:39:00Z,0,49,BREDB-1,T_BREDB-1,3328,2025-11-21T00:37:00Z,False,False,False,False
2025-11-21,2,2,2025-11-21T00:38:00Z,2025-11-21T00:39:00Z,0,5,COWB-1,T_COWB-1,45752,2025-11-21T00:37:00Z,False,False,False,False
2025-11-21,2,2,2025-11-21T00:38:00Z,2025-11-21T00:39:00Z,-277,0,DINO-1,T_DINO-1,146098,2025-11-21T00:37:00Z,False,False,False,False
2025-11-21,2,2,2025-11-21T00:38:00Z,2025-11-21T00:39:00Z,1,57,NTRVB-1,T_NTRVB-1,26975,2025-11-21T00:37:00Z,False,False,False,False
2025-11-21,2,2,2025-11-21T00:38:00Z,2025-11-21T00:39:00Z,-21,-6,SKELB-1,E_SKELB-1,47717,2025-11-21T00:37:00Z,False,False,False,False
2025-11-21,2,2,2025-11-21T00:38:00Z,2025-11-21T00:39:00Z,0,3,SUNDB-1,T_SUNDB-1,31878,2025-11-21T00:37:00Z,False,False,False,False
2025-11-21,2,2,2025-11-21T00:38:00Z,2025-11-21T00:39:00Z,0,16,THMRB-1,E_THMRB-1,47382,2025-11-21T00:37:00Z,False,False,False,False
2025-11-21,2,2,2025-11-21T00:38:00Z,2025-11-21T00:39:00Z,-4,0,TYLNB-1,T_TYLNB-1,23617,2025-11-21T00:37:00Z,False,False,False,False
2025-11-21,2,2,2025-11-21T00:36:00Z,2025-11-21T00:46:00Z,300,300,GRAI-6,T_GRAI-6,153843,2025-11-21T00:29:00Z,False,False,False,False
2025-11-21,2,2,2025-11-21T00:36:00Z,2025-11-21T00:44:00Z,200,200,SHBA-2,T_SHBA-2,198729,2025-11-21T00:30:00Z,False,False,False,False
2025-11-21,2,2,2025-11-21T00:34:00Z,2025-11-21T00:44:00Z,650,650,ROCK-1,T_ROCK-1,222266,2025-11-21T00:27:00Z,False,False,False,False
2025-11-21,2,2,2025-11-21T00:34:00Z,2025-11-21T00:44:00Z,750,750,SHBA-1,T_SHBA-1,235054,2025-11-21T00:30:00Z,False,False,False,False
2025-11-21,2,2,2025-11-21T00:33:00Z,2025-11-21T00:34:00Z,-2,0,HIRWB-1,V__KHABI007,3818,2025-11-21T00:22:00Z,False,False,False,False
2025-11-21,2,2,2025-11-21T00:33:00Z,2025-11-21T00:34:00Z,-1,0,WTRSB-1,2__GCMRO002,30578,2025-11-21T00:22:00Z,False,False,False,False
2025-11-21,2,2,2025-11-21T00:32:00Z,2025-11-21T00:36:00Z,255,200,SHBA-2,T_SHBA-2,198729,2025-11-21T00:30:00Z,False,False,False,False
2025-11-21,2,2,2025-11-21T00:32:00Z,2025-11-21T00:34:00Z,799,750,SHBA-1,T_SHBA-1,235054,2025-11-21T00:30:00Z,False,False,False,False
2025-11-21,2,2,2025-11-21T00:32:00Z,2025-11-21T00:33:00Z,0,18,BLHLB-3,T_BLHLB-3,16972,2025-11-21T00:22:00Z,False,False,False,False
2025-11-21,2,2,2025-11-21T00:32:00Z,2025-11-21T00:33:00Z,0,18,BLHLB-4,T_BLHLB-4,16627,2025-11-21T00:22:00Z,False,False,False,False
2025-11-21,2,2,2025-11-21T00:32:00Z,2025-11-21T00:33:00Z,-9,0,FFSE01,2__FFSEN005,29964,2025-11-21T00:22:00Z,False,False,False,False
2025-11-21,2,2,2025-11-21T00:32:00Z,2025-11-21T00:33:00Z,-7,0,LKSDB-1,T_LKSDB-1,26804,2025-11-21T00:22:00Z,False,False,False,False
2025-11-21,2,2,2025-11-21T00:32:00Z,2025-11-21T00:33:00Z,-22,0,POTES-1,E_POTES-1,31667,2025-11-21T00:22:00Z,False,False,False,False
2025-11-21,2,2,2025-11-21T00:31:00Z,2025-11-21T00:36:00Z,350,300,GRAI-6,T_GRAI-6,153843,2025-11-21T00:29:00Z,False,False,False,False
2025-11-21,2,2,2025-11-21T00:31:00Z,2025-11-21T00:33:00Z,-2,-2,HIRWB-1,V__KHABI007,3818,2025-11-21T00:22:00Z,False,False,False,False
2025-11-21,2,2,2025-11-21T00:31:00Z,2025-11-21T00:32:00Z,-49,0,AG-CBS08M,V__MCEND001,13906,2025-11-21T00:25:00Z,False,False,False,False
2025-11-21,2,2,2025-11-21T00:31:00Z,2025-11-21T00:32:00Z,-10,0,AG-MSTK01,2__MSTAT001,54087,2025-11-21T00:22:00Z,False,False,False,False
2025-11-21,2,2,2025-11-21T00:31:00Z,2025-11-21T00:32:00Z,-40,0,BARNB-1,E_BARNB-1,39389,2025-11-21T00:25:00Z,False,False,False,False
2025-11-21,2,2,2025-11-21T00:31:00Z,2025-11-21T00:32:00Z,-27,0,BLHLB-2,T_BLHLB-2,17000,2025-11-21T00:25:00Z,False,False,False,False
2025-11-21,2,2,2025-11-21T00:31:00Z,2025-11-21T00:32:00Z,-12,0,BLKPB-1,E_BLKPB-1,16627,2025-11-21T00:22:00Z,False,False,False,False
2025-11-21,2,2,2025-11-21T00:31:00Z,2025-11-21T00:32:00Z,0,14,FFSE02,2__FFSEN007,23861,2025-11-21T00:22:00Z,False,False,False,False
2025-11-21,2,2,2025-11-21T00:31:00Z,2025-11-21T00:32:00Z,0,1,NTRVB-1,T_NTRVB-1,26974,2025-11-21T00:22:00Z,False,False,False,False
2025-11-21,2,2,2025-11-21T00:31:00Z,2025-11-21T00:32:00Z,-22,-22,POTES-1,E_POTES-1,31667,2025-11-21T00:22:00Z,False,False,False,False
2025-11-21,2,2,2025-11-21T00:31:00Z,2025-11-21T00:32:00Z,0,12,TEBWB-1,T_TEBWB-1,2390,2025-11-21T00:22:00Z,False,False,False,False
2025-11-21,2,3,2025-11-21T00:30:00Z,2025-11-21T01:00:00Z,220,220,SCCL-2,T_SCCL-2,129911,2025-11-20T23:32:00Z,False,False,False,False
2025-11-21,2,2,2025-11-21T00:30:00Z,2025-11-21T00:33:00Z,-1,-1,WTRSB-1,2__GCMRO002,30578,2025-11-21T00:22:00Z,False,False,False,False
2025-11-21,2,2,2025-11-21T00:30:00Z,2025-11-21T00:32:00Z,0,0,BLHLB-3,T_BLHLB-3,16972,2025-11-21T00:22:00Z,False,False,False,False
2025-11-21,2,2,2025-11-21T00:30:00Z,2025-11-21T00:32:00Z,0,0,BLHLB-4,T_BLHLB-4,16627,2025-11-21T00:22:00Z,False,False,False,False
2025-11-21,2,2,2025-11-21T00:30:00Z,2025-11-21T00:32:00Z,-9,-9,FFSE01,2__FFSEN005,29964,2025-11-21T00:22:00Z,False,False,False,False
2025-11-21,2,2,2025-11-21T00:30:00Z,2025-11-21T00:32:00Z,-7,-7,LKSDB-1,T_LKSDB-1,26804,2025-11-21T00:22:00Z,False,False,False,False
2025-11-21,2,2,2025-11-21T00:30:00Z,2025-11-21T00:31:00Z,-10,-10,AG-MSTK01,2__MSTAT001,54087,2025-11-21T00:22:00Z,False,False,False,False
2025-11-21,2,2,2025-11-21T00:30:00Z,2025-11-21T00:31:00Z,-12,-12,BLKPB-1,E_BLKPB-1,16627,2025-11-21T00:22:00Z,False,False,False,False
2025-11-21,2,2,2025-11-21T00:30:00Z,2025-11-21T00:31:00Z,0,0,FFSE02,2__FFSEN007,23861,2025-11-21T00:22:00Z,False,False,False,False
2025-11-21,2,2,2025-11-21T00:30:00Z,2025-11-21T00:31:00Z,0,-2,HIRWB-1,V__KHABI007,3818,2025-11-21T00:22:00Z,False,False,False,False
2025-11-21,2,2,2025-11-21T00:30:00Z,2025-11-21T00:31:00Z,0,0,NTRVB-1,T_NTRVB-1,26974,2025-11-21T00:22:00Z,False,False,False,False
2025-11-21,2,2,2025-11-21T00:30:00Z,2025-11-21T00:31:00Z,0,-22,POTES-1,E_POTES-1,31667,2025-11-21T00:22:00Z,False,False,False,False
2025-11-21,2,2,2025-11-21T00:30:00Z,2025-11-21T00:31:00Z,0,0,TEBWB-1,T_TEBWB-1,2390,2025-11-21T00:22:00Z,False,False,False,False
2025-11-21,1,2,2025-11-21T00:29:00Z,2025-11-21T00:34:00Z,776,650,ROCK-1,T_ROCK-1,222266,2025-11-21T00:27:00Z,False,False,False,False
2025-11-21,1,2,2025-11-21T00:28:00Z,2025-11-21T00:43:00Z,371,371,SHOS-1,E_SHOS-1,165865,2025-11-21T00:26:00Z,False,False,False,False
2025-11-21,1,2,2025-11-21T00:27:00Z,2025-11-21T00:31:00Z,-49,-49,AG-CBS08M,V__MCEND001,13906,2025-11-21T00:25:00Z,False,False,False,False
2025-11-21,1,2,2025-11-21T00:27:00Z,2025-11-21T00:31:00Z,-40,-40,BARNB-1,E_BARNB-1,39389,2025-11-21T00:25:00Z,False,False,False,False
2025-11-21,1,2,2025-11-21T00:27:00Z,2025-11-21T00:31:00Z,-27,-27,BLHLB-2,T_BLHLB-2,17000,2025-11-21T00:25:00Z,False,False,False,False
2025-11-21,1,2,2025-11-21T00:26:00Z,2025-11-21T00:35:00Z,350,447,SHOS-1,E_SHOS-1,165864,2025-11-21T00:00:00Z,False,False,False,False
2025-11-21,1,2,2025-11-21T00:23:00Z,2025-11-21T00:38:00Z,350,350,GRAI-6,T_GRAI-6,153842,2025-11-21T00:18:00Z,False,False,False,False
2025-11-21,1,2,2025-11-21T00:18:00Z,2025-11-21T00:48:00Z,300,300,GRAI-7,T_GRAI-7,150134,2025-11-20T23:44:00Z,False,False,False,False
2025-11-21,1,2,2025-11-21T00:11:00Z,2025-11-21T00:41:00Z,185,185,WBURB-1,T_WBURB-1,152408,2025-11-20T23:32:00Z,False,False,False,False
2025-11-21,1,2,2025-11-21T00:09:00Z,2025-11-21T00:39:00Z,600,600,MEDP-1,T_MEDP-1,135444,2025-11-20T23:45:00Z,False,False,False,False
2025-11-21,3,4,2025-11-21T01:29:00Z,2025-11-21T01:31:00Z,-2,-2,BLHLB-4,T_BLHLB-4,16629,2025-11-21T01:23:00Z,False,False,False,False
2025-11-21,3,4,2025-11-21T01:29:00Z,2025-11-21T01:31:00Z,-17,-17,BYBRB-1,2__NCPPR001,5266,2025-11-21T01:22:00Z,False,False,False,False
2025-11-21,3,4,2025-11-21T01:29:00Z,2025-11-21T01:30:00Z,-1,-4,AG-MSTK01,2__MSTAT001,54088,2025-11-21T01:22:00Z,False,False,False,False
2025-11-21,3,4,2025-11-21T01:29:00Z,2025-11-21T01:30:00Z,-30,0,BARNB-1,E_BARNB-1,39391,2025-11-21T01:22:00Z,False,False,False,False
2025-11-21,3,4,2025-11-21T01:29:00Z,2025-11-21T01:30:00Z,-20,-21,BROFB-1,E_BROFB-1,13161,2025-11-21T01:22:00Z,False,False,False,False
2025-11-21,3,4,2025-11-21T01:29:00Z,2025-11-21T01:30:00Z,0,-1,BUXTB-1,2__GCMRO001,36720,2025-11-21T01:22:00Z,False,False,False,False
2025-11-21,3,4,2025-11-21T01:28:00Z,2025-11-21T01:30:00Z,-2,-2,AG-CBS06B,V__BCEND004,34723,2025-11-21T01:22:00Z,False,False,False,False
2025-11-21,3,4,2025-11-21T01:28:00Z,2025-11-21T01:30:00Z,-3,-3,BLHLB-2,T_BLHLB-2,17001,2025-11-21T01:22:00Z,False,False,False,False
2025-11-21,3,3,2025-11-21T01:28:00Z,2025-11-21T01:29:00Z,-30,-30,BARNB-1,E_BARNB-1,39391,2025-11-21T01:22:00Z,False,False,False,False
2025-11-21,3,3,2025-11-21T01:28:00Z,2025-11-21T01:29:00Z,5,6,BLHLB-4,T_BLHLB-4,16628,2025-11-21T01:22:00Z,False,False,False,False
2025-11-21,3,3,2025-11-21T01:28:00Z,2025-11-21T01:29:00Z,5,0,BLHLB-4,T_BLHLB-4,16629,2025-11-21T01:23:00Z,False,False,False,False
2025-11-21,3,3,2025-11-21T01:28:00Z,2025-11-21T01:29:00Z,0,-1,BYBRB-1,2__NCPPR001,5266,2025-11-21T01:22:00Z,False,False,False,False
2025-11-21,3,4,2025-11-21T01:27:00Z,2025-11-21T01:30:00Z,-50,-50,LKSDB-1,T_LKSDB-1,26806,2025-11-21T01:22:00Z,False,False,False,False
2025-11-21,3,3,2025-11-21T01:27:00Z,2025-11-21T01:28:00Z,-1,-2,AG-CBS06B,V__BCEND004,34723,2025-11-21T01:22:00Z,False,False,False,False
2025-11-21,3,3,2025-11-21T01:27:00Z,2025-11-21T01:28:00Z,0,-30,BARNB-1,E_BARNB-1,39391,2025-11-21T01:22:00Z,False,False,False,False
2025-11-21,3,3,2025-11-21T01:27:00Z,2025-11-21T01:28:00Z,0,-3,BLHLB-2,T_BLHLB-2,17001,2025-11-21T01:22:00Z,False,False,False,False
2025-11-21,3,4,2025-11-21T01:26:00Z,2025-11-21T01:30:00Z,-24,-24,AG-CBS08M,V__MCEND001,13907,2025-11-21T01:22:00Z,False,False,False,False
2025-11-21,3,4,2025-11-21T01:26:00Z,2025-11-21T01:30:00Z,-15,-15,FFSE02,2__FFSEN007,23865,2025-11-21T01:22:00Z,False,False,False,False
2025-11-21,3,3,2025-11-21T01:26:00Z,2025-11-21T01:28:00Z,5,5,BLHLB-4,T_BLHLB-4,16628,2025-11-21T01:22:00Z,False,False,False,False
2025-11-21,3,3,2025-11-21T01:26:00Z,2025-11-21T01:27:00Z,0,-50,LKSDB-1,T_LKSDB-1,26806,2025-11-21T01:22:00Z,False,False,False,False
2025-11-21,3,3,2025-11-21T01:25:00Z,2025-11-21T01:26:00Z,0,-24,AG-CBS08M,V__MCEND001,13907,2025-11-21T01:22:00Z,False,False,False,False
2025-11-21,3,3,2025-11-21T01:25:00Z,2025-11-21T01:26:00Z,6,5,BLHLB-4,T_BLHLB-4,16628,2025-11-21T01:22:00Z,False,False,False,False
2025-11-21,3,3,2025-11-21T01:25:00Z,2025-11-21T01:26:00Z,-5,-15,FFSE02,2__FFSEN007,23865,2025-11-21T01:22:00Z,False,False,False,False
2025-11-21,3,3,2025-11-21T01:24:00Z,2025-11-21T01:25:00Z,30,0,WBURB-1,T_WBURB-1,152409,2025-11-21T00:10:00Z,False,False,False,False
2025-11-21,3,3,2025-11-21T01:21:00Z,2025-11-21T01:26:00Z,650,777,ROCK-1,T_ROCK-1,222268,2025-11-21T00:50:00Z,False,False,False,False
2025-11-21,3,3,2025-11-21T01:20:00Z,2025-11-21T01:24:00Z,650,800,SHBA-1,T_SHBA-1,235055,2025-11-21T00:59:00Z,False,False,False,False
2025-11-21,3,4,2025-11-21T01:18:00Z,2025-11-21T01:48:00Z,300,300,GRAI-7,T_GRAI-7,150136,2025-11-21T00:30:00Z,False,False,False,False
2025-11-21,3,3,2025-11-21T01:18:00Z,2025-11-21T01:29:00Z,300,430,GRAI-7,T_GRAI-7,150135,2025-11-21T00:17:00Z,False,False,False,False
2025-11-21,3,3,2025-11-21T01:13:00Z,2025-11-21T01:24:00Z,158,30,WBURB-1,T_WBURB-1,152409,2025-11-21T00:10:00Z,False,False,False,False
2025-11-21,3,4,2025-11-21T01:11:00Z,2025-11-21T01:41:00Z,185,185,WBURB-1,T_WBURB-1,152410,2025-11-21T00:32:00Z,False,False,False,False
2025-11-21,3,3,2025-11-21T01:11:00Z,2025-11-21T01:13:00Z,185,158,WBURB-1,T_WBURB-1,152409,2025-11-21T00:10:00Z,False,False,False,False
2025-11-21,3,3,2025-11-21T01:05:00Z,2025-11-21T01:20:00Z,650,650,SHBA-1,T_SHBA-1,235055,2025-11-21T00:59:00Z,False,False,False,False
2025-11-21,3,3,2025-11-21T01:04:00Z,2025-11-21T01:09:00Z,680,737,KEAD-1,T_KEAD-1,152506,2025-11-21T00:48:00Z,False,False,False,False
2025-11-21,3,3,2025-11-21T01:04:00Z,2025-11-21T01:05:00Z,-2,-3,AG-ASTK05,2__ASTAT005,43490,2025-11-21T00:54:00Z,False,False,False,False
2025-11-21,3,3,2025-11-21T01:04:00Z,2025-11-21T01:05:00Z,7,0,SWGTB-1,2__MCMRO003,23042,2025-11-21T00:54:00Z,False,False,False,False
2025-11-21,3,3,2025-11-21T01:04:00Z,2025-11-21T01:05:00Z,14,0,THMRB-1,E_THMRB-1,47384,2025-11-21T00:54:00Z,False,False,False,False
2025-11-21,3,3,2025-11-21T01:04:00Z,2025-11-21T01:05:00Z,-37,-40,THURB-2,T_THURB-2,5872,2025-11-21T00:55:00Z,False,False,False,False
2025-11-21,3,3,2025-11-21T01:04:00Z,2025-11-21T01:05:00Z,2,0,WTRSB-1,2__GCMRO002,30581,2025-11-21T00:54:00Z,False,False,False,False
2025-11-21,3,3,2025-11-21T01:03:00Z,2025-11-21T01:04:00Z,3,0,AG-CBS05L,V__LCEND005,33019,2025-11-21T00:54:00Z,False,False,False,False
2025-11-21,3,3,2025-11-21T01:03:00Z,2025-11-21T01:04:00Z,1,0,CRSSB-1,E_CRSSB-1,46861,2025-11-21T00:54:00Z,False,False,False,False
2025-11-21,3,3,2025-11-21T01:03:00Z,2025-11-21T01:04:00Z,45,0,SKELB-1,E_SKELB-1,47719,2025-11-21T00:54:00Z,False,False,False,False
2025-11-21,3,3,2025-11-21T01:02:00Z,2025-11-21T01:04:00Z,-37,-37,THURB-2,T_THURB-2,5872,2025-11-21T00:55:00Z,False,False,False,False
2025-11-21,3,3,2025-11-21T01:02:00Z,2025-11-21T01:03:00Z,-1,-10,AG-HEDF02,2__HLOND002,12952,2025-11-21T00:54:00Z,False,False,False,False
2025-11-21,3,3,2025-11-21T01:02:00Z,2025-11-21T01:03:00Z,-5,-21,BROFB-1,E_BROFB-1,13160,2025-11-21T00:54:00Z,False,False,False,False
2025-11-21,3,3,2025-11-21T01:02:00Z,2025-11-21T01:03:00Z,0,-6,COWB-1,T_COWB-1,45754,2025-11-21T00:54:00Z,False,False,False,False
2025-11-21,3,3,2025-11-21T01:01:00Z,2025-11-21T01:21:00Z,650,650,ROCK-1,T_ROCK-1,222268,2025-11-21T00:50:00Z,False,False,False,False
2025-11-21,3,3,2025-11-21T01:01:00Z,2025-11-21T01:05:00Z,800,650,SHBA-1,T_SHBA-1,235055,2025-11-21T00:59:00Z,False,False,False,False
2025-11-21,3,3,2025-11-21T01:01:00Z,2025-11-21T01:04:00Z,-2,-2,AG-ASTK05,2__ASTAT005,43490,2025-11-21T00:54:00Z,False,False,False,False
2025-11-21,3,3,2025-11-21T01:01:00Z,2025-11-21T01:04:00Z,7,7,SWGTB-1,2__MCMRO003,23042,2025-11-21T00:54:00Z,False,False,False,False
2025-11-21,3,3,2025-11-21T01:01:00Z,2025-11-21T01:04:00Z,14,14,THMRB-1,E_THMRB-1,47384,2025-11-21T00:54:00Z,False,False,False,False
2025-11-21,3,3,2025-11-21T01:01:00Z,2025-11-21T01:04:00Z,2,2,WTRSB-1,2__GCMRO002,30581,2025-11-21T00:54:00Z,False,False,False,False
2025-11-21,3,3,2025-11-21T01:01:00Z,2025-11-21T01:03:00Z,3,3,AG-CBS05L,V__LCEND005,33019,2025-11-21T00:54:00Z,False,False,False,False
2025-11-21,3,3,2025-11-21T01:01:00Z,2025-11-21T01:03:00Z,1,1,CRSSB-1,E_CRSSB-1,46861,2025-11-21T00:54:00Z,False,False,False,False
2025-11-21,3,3,2025-11-21T01:01:00Z,2025-11-21T01:03:00Z,45,45,SKELB-1,E_SKELB-1,47719,2025-11-21T00:54:00Z,False,False,False,False
2025-11-21,3,3,2025-11-21T01:01:00Z,2025-11-21T01:02:00Z,0,-6,FFSE02,2__FFSEN007,23864,2025-11-21T00:54:00Z,False,False,False,False
2025-11-21,3,3,2025-11-21T01:01:00Z,2025-11-21T01:02:00Z,0,-40,THURB-2,T_THURB-2,5871,2025-11-21T00:54:00Z,False,False,False,False
2025-11-21,3,3,2025-11-21T01:01:00Z,2025-11-21T01:02:00Z,0,-37,THURB-2,T_THURB-2,5872,2025-11-21T00:55:00Z,False,False,False,False
2025-11-21,3,4,2025-11-21T01:00:00Z,2025-11-21T01:30:00Z,220,220,SCCL-2,T_SCCL-2,129912,2025-11-21T00:07:00Z,False,False,False,False
2025-11-21,3,3,2025-11-21T01:00:00Z,2025-11-21T01:02:00Z,-1,-1,AG-HEDF02,2__HLOND002,12952,2025-11-21T00:54:00Z,False,False,False,False
2025-11-21,3,3,2025-11-21T01:00:00Z,2025-11-21T01:02:00Z,-5,-5,BROFB-1,E_BROFB-1,13160,2025-11-21T00:54:00Z,False,False,False,False
2025-11-21,3,3,2025-11-21T01:00:00Z,2025-11-21T01:02:00Z,0,0,COWB-1,T_COWB-1,45754,2025-11-21T00:54:00Z,False,False,False,False
2025-11-21,3,3,2025-11-21T01:00:00Z,2025-11-21T01:01:00Z,-1,-2,AG-ASTK05,2__ASTAT005,43490,2025-11-21T00:54:00Z,False,False,False,False
2025-11-21,3,3,2025-11-21T01:00:00Z,2025-11-21T01:01:00Z,0,3,AG-CBS05L,V__LCEND005,33019,2025-11-21T00:54:00Z,False,False,False,False
2025-11-21,3,3,2025-11-21T01:00:00Z,2025-11-21T01:01:00Z,0,1,CRSSB-1,E_CRSSB-1,46861,2025-11-21T00:54:00Z,False,False,False,False
2025-11-21,3,3,2025-11-21T01:00:00Z,2025-11-21T01:01:00Z,0,0,FFSE02,2__FFSEN007,23864,2025-11-21T00:54:00Z,False,False,False,False
2025-11-21,3,3,2025-11-21T01:00:00Z,2025-11-21T01:01:00Z,0,45,SKELB-1,E_SKELB-1,47719,2025-11-21T00:54:00Z,False,False,False,False
2025-11-21,3,3,2025-11-21T01:00:00Z,2025-11-21T01:01:00Z,0,7,SWGTB-1,2__MCMRO003,23042,2025-11-21T00:54:00Z,False,False,False,False
2025-11-21,3,3,2025-11-21T01:00:00Z,2025-11-21T01:01:00Z,0,14,THMRB-1,E_THMRB-1,47384,2025-11-21T00:54:00Z,False,False,False,False
2025-11-21,3,3,2025-11-21T01:00:00Z,2025-11-21T01:01:00Z,0,0,THURB-2,T_THURB-2,5871,2025-11-21T00:54:00Z,False,False,False,False
2025-11-21,3,3,2025-11-21T01:00:00Z,2025-11-21T01:01:00Z,0,2,WTRSB-1,2__GCMRO002,30581,2025-11-21T00:54:00Z,False,False,False,False
2025-11-21,2,3,2025-11-21T00:59:00Z,2025-11-21T01:06:00Z,335,418,GRAI-6,T_GRAI-6,153844,2025-11-21T00:47:00Z,False,False,False,False
2025-11-21,2,3,2025-11-21T00:57:00Z,2025-11-21T01:01:00Z,300,352,CNQPS-3,T_CNQPS-3,104886,2025-11-21T00:45:00Z,False,False,False,False
2025-11-21,2,3,2025-11-21T00:56:00Z,2025-11-21T01:01:00Z,776,650,ROCK-1,T_ROCK-1,222268,2025-11-21T00:50:00Z,False,False,False,False
2025-11-21,2,3,2025-11-21T00:54:00Z,2025-11-21T01:04:00Z,680,680,KEAD-1,T_KEAD-1,152506,2025-11-21T00:48:00Z,False,False,False,False
2025-11-21,2,3,2025-11-21T00:48:00Z,2025-11-21T01:18:00Z,300,300,GRAI-7,T_GRAI-7,150135,2025-11-21T00:17:00Z,False,False,False,False
2025-11-21,2,3,2025-11-21T00:41:00Z,2025-11-21T01:11:00Z,185,185,WBURB-1,T_WBURB-1,152409,2025-11-21T00:10:00Z,False,False,False,False
2025-11-21,4,6,2025-11-21T01:59:00Z,2025-11-21T02:30:00Z,220,220,SCCL-2,T_SCCL-2,129914,2025-11-21T01:00:00Z,False,False,False,False
2025-11-21,4,5,2025-11-21T01:59:00Z,2025-11-21T02:00:00Z,0,-2,AG-JSTK02,2__JSTAT002,35844,2025-11-21T01:57:00Z,False,False,False,False
2025-11-21,4,5,2025-11-21T01:59:00Z,2025-11-21T02:00:00Z,0,-40,BARNB-1,E_BARNB-1,39392,2025-11-21T01:57:00Z,False,False,False,False
2025-11-21,4,5,2025-11-21T01:59:00Z,2025-11-21T02:00:00Z,0,-49,BLHLB-1,T_BLHLB-1,16929,2025-11-21T01:57:00Z,False,False,False,False
2025-11-21,4,5,2025-11-21T01:59:00Z,2025-11-21T02:00:00Z,0,-50,BLHLB-2,T_BLHLB-2,17002,2025-11-21T01:57:00Z,False,False,False,False
2025-11-21,4,5,2025-11-21T01:59:00Z,2025-11-21T02:00:00Z,-2,-12,BLHLB-4,T_BLHLB-4,16630,2025-11-21T01:57:00Z,False,False,False,False
2025-11-21,4,5,2025-11-21T01:59:00Z,2025-11-21T02:00:00Z,0,-13,NURSB-1,T_NURSB-1,39129,2025-11-21T01:57:00Z,False,False,False,False
2025-11-21,4,5,2025-11-21T01:59:00Z,2025-11-21T02:00:00Z,-7,-11,SUNDB-1,T_SUNDB-1,31880,2025-11-21T01:57:00Z,False,False,False,False
2025-11-21,4,5,2025-11-21T01:56:00Z,2025-11-21T02:06:00Z,740,740,SHBA-1,T_SHBA-1,235056,2025-11-21T01:52:00Z,False,False,False,False
2025-11-21,4,4,2025-11-21T01:54:00Z,2025-11-21T01:56:00Z,800,740,SHBA-1,T_SHBA-1,235056,2025-11-21T01:52:00Z,False,False,False,False
2025-11-21,4,4,2025-11-21T01:54:00Z,2025-11-21T01:55:00Z,30,0,WBURB-1,T_WBURB-1,152410,2025-11-21T00:32:00Z,False,False,False,False
2025-11-21,4,5,2025-11-21T01:48:00Z,2025-11-21T02:18:00Z,300,300,GRAI-7,T_GRAI-7,150137,2025-11-21T01:15:00Z,False,False,False,False
2025-11-21,4,4,2025-11-21T01:48:00Z,2025-11-21T01:59:00Z,300,430,GRAI-7,T_GRAI-7,150136,2025-11-21T00:30:00Z,False,False,False,False
2025-11-21,4,4,2025-11-21T01:43:00Z,2025-11-21T01:54:00Z,158,30,WBURB-1,T_WBURB-1,152410,2025-11-21T00:32:00Z,False,False,False,False
2025-11-21,4,5,2025-11-21T01:41:00Z,2025-11-21T02:11:00Z,185,185,WBURB-1,T_WBURB-1,152411,2025-11-21T01:02:00Z,False,False,False,False
2025-11-21,4,4,2025-11-21T01:41:00Z,2025-11-21T01:43:00Z,185,158,WBURB-1,T_WBURB-1,152410,2025-11-21T00:32:00Z,False,False,False,False
2025-11-21,4,5,2025-11-21T01:30:00Z,2025-11-21T02:00:00Z,220,220,SCCL-2,T_SCCL-2,129913,2025-11-21T00:33:00Z,False,False,False,False
2025-11-21,4,4,2025-11-21T01:30:00Z,2025-11-21T01:31:00Z,-24,0,AG-CBS08M,V__MCEND001,13907,2025-11-21T01:22:00Z,False,False,False,False
2025-11-21,4,4,2025-11-21T01:30:00Z,2025-11-21T01:31:00Z,-4,-4,AG-MSTK01,2__MSTAT001,54088,2025-11-21T01:22:00Z,False,False,False,False
2025-11-21,4,4,2025-11-21T01:30:00Z,2025-11-21T01:31:00Z,-3,0,BLHLB-2,T_BLHLB-2,17001,2025-11-21T01:22:00Z,False,False,False,False
2025-11-21,4,4,2025-11-21T01:30:00Z,2025-11-21T01:31:00Z,-21,-21,BROFB-1,E_BROFB-1,13161,2025-11-21T01:22:00Z,False,False,False,False
2025-11-21,4,4,2025-11-21T01:30:00Z,2025-11-21T01:31:00Z,-1,-1,BUXTB-1,2__GCMRO001,36720,2025-11-21T01:22:00Z,False,False,False,False
2025-11-21,4,4,2025-11-21T01:30:00Z,2025-11-21T01:31:00Z,-15,-6,FFSE02,2__FFSEN007,23865,2025-11-21T01:22:00Z,False,False,False,False
2025-11-21,4,4,2025-11-21T01:30:00Z,2025-11-21T01:31:00Z,-50,0,LKSDB-1,T_LKSDB-1,26806,2025-11-21T01:22:00Z,False,False,False,False
2025-11-21,3,4,2025-11-21T01:29:00Z,2025-11-21T01:31:00Z,-2,-2,BLHLB-4,T_BLHLB-4,16629,2025-11-21T01:23:00Z,False,False,False,False
2025-11-21,3,4,2025-11-21T01:29:00Z,2025-11-21T01:31:00Z,-17,-17,BYBRB-1,2__NCPPR001,5266,2025-11-21T01:22:00Z,False,False,False,False
2025-11-21,3,4,2025-11-21T01:18:00Z,2025-11-21T01:48:00Z,300,300,GRAI-7,T_GRAI-7,150136,2025-11-21T00:30:00Z,False,False,False,False
2025-11-21,3,4,2025-11-21T01:11:00Z,2025-11-21T01:41:00Z,185,185,WBURB-1,T_WBURB-1,152410,2025-11-21T00:32:00Z,False,False,False,False
2025-11-21,5,7,2025-11-21T02:29:00Z,2025-11-21T03:00:00Z,220,220,SCCL-2,T_SCCL-2,129915,2025-11-21T01:32:00Z,False,False,False,False
2025-11-21,5,6,2025-11-21T02:29:00Z,2025-11-21T02:32:00Z,-13,-13,BLHLB-4,T_BLHLB-4,16635,2025-11-21T02:05:00Z,False,False,False,False
2025-11-21,5,6,2025-11-21T02:29:00Z,2025-11-21T02:31:00Z,-10,-10,BLHLB-3,T_BLHLB-3,16978,2025-11-21T02:05:00Z,False,False,False,False
2025-11-21,5,6,2025-11-21T02:29:00Z,2025-11-21T02:31:00Z,-8,-8,HIRWB-1,V__KHABI007,3819,2025-11-21T02:01:00Z,False,False,False,False
2025-11-21,5,6,2025-11-21T02:29:00Z,2025-11-21T02:30:00Z,0,-5,AG-HLIM01,2__HANGE001,44519,2025-11-21T02:01:00Z,False,False,False,False
2025-11-21,5,6,2025-11-21T02:29:00Z,2025-11-21T02:30:00Z,0,-6,AG-HLIM04,2__HANGE004,37200,2025-11-21T02:01:00Z,False,False,False,False
2025-11-21,5,6,2025-11-21T02:29:00Z,2025-11-21T02:30:00Z,-2,-3,AG-HSTK07,2__HSTAT007,10309,2025-11-21T02:01:00Z,False,False,False,False
2025-11-21,5,6,2025-11-21T02:29:00Z,2025-11-21T02:30:00Z,0,-3,AG-LLIM02,2__LANGE002,25710,2025-11-21T02:01:00Z,False,False,False,False
2025-11-21,5,6,2025-11-21T02:29:00Z,2025-11-21T02:30:00Z,-4,-5,AG-MSTK05,2__MSTAT005,19737,2025-11-21T02:01:00Z,False,False,False,False
2025-11-21,5,6,2025-11-21T02:29:00Z,2025-11-21T02:30:00Z,-5,-7,BHOLB-1,E_BHOLB-1,49709,2025-11-21T02:02:00Z,False,False,False,False
2025-11-21,5,6,2025-11-21T02:29:00Z,2025-11-21T02:30:00Z,0,-1,CRSSB-1,E_CRSSB-1,46862,2025-11-21T02:01:00Z,False,False,False,False
2025-11-21,5,6,2025-11-21T02:29:00Z,2025-11-21T02:30:00Z,0,-3,HSSE01,2__HIMPO002,36264,2025-11-21T02:01:00Z,False,False,False,False
2025-11-21,5,6,2025-11-21T02:29:00Z,2025-11-21T02:30:00Z,-1,-5,NEWPB-1,E_NEWPB-1,2228,2025-11-21T02:01:00Z,False,False,False,False
2025-11-21,5,6,2025-11-21T02:29:00Z,2025-11-21T02:30:00Z,-20,-28,THURB-1,T_THURB-1,6479,2025-11-21T02:01:00Z,False,False,False,False
2025-11-21,5,6,2025-11-21T02:29:00Z,2025-11-21T02:30:00Z,0,-1,THURB-2,T_THURB-2,5873,2025-11-21T02:01:00Z,False,False,False,False
2025-11-21,5,6,2025-11-21T02:29:00Z,2025-11-21T02:30:00Z,-10,-30,THURB-3,T_THURB-3,5615,2025-11-21T02:01:00Z,False,False,False,False
2025-11-21,5,6,2025-11-21T02:28:00Z,2025-11-21T02:30:00Z,-5,-5,AG-ASTK05,2__ASTAT005,43492,2025-11-21T02:01:00Z,False,False,False,False
2025-11-21,5,6,2025-11-21T02:28:00Z,2025-11-21T02:30:00Z,-2,-2,BUSTB-1,T_BUSTB-1,42191,2025-11-21T02:03:00Z,False,False,False,False
2025-11-21,5,6,2025-11-21T02:28:00Z,2025-11-21T02:30:00Z,-1,-1,COWB-1,T_COWB-1,45757,2025-11-21T02:02:00Z,False,False,False,False
2025-11-21,5,6,2025-11-21T02:28:00Z,2025-11-21T02:30:00Z,-2,-2,LARKB-1,T_LARKB-1,31074,2025-11-21T02:02:00Z,False,False,False,False
2025-11-21,5,6,2025-11-21T02:28:00Z,2025-11-21T02:30:00Z,-41,-41,LKSDB-1,T_LKSDB-1,26809,2025-11-21T02:03:00Z,False,False,False,False
2025-11-21,5,5,2025-11-21T02:28:00Z,2025-11-21T02:29:00Z,-16,-10,BLHLB-3,T_BLHLB-3,16977,2025-11-21T02:04:00Z,False,False,False,False
2025-11-21,5,5,2025-11-21T02:28:00Z,2025-11-21T02:29:00Z,-18,-7,BLHLB-4,T_BLHLB-4,16634,2025-11-21T02:04:00Z,False,False,False,False
2025-11-21,5,5,2025-11-21T02:28:00Z,2025-11-21T02:29:00Z,-18,-13,BLHLB-4,T_BLHLB-4,16635,2025-11-21T02:05:00Z,False,False,False,False
2025-11-21,5,5,2025-11-21T02:28:00Z,2025-11-21T02:29:00Z,0,-8,HIRWB-1,V__KHABI007,3819,2025-11-21T02:01:00Z,False,False,False,False
2025-11-21,5,6,2025-11-21T02:27:00Z,2025-11-21T02:33:00Z,250,250,WBURB-1,T_WBURB-1,152415,2025-11-21T02:25:00Z,False,False,False,False
2025-11-21,5,6,2025-11-21T02:27:00Z,2025-11-21T02:32:00Z,270,270,SCCL-2,T_SCCL-2,129917,2025-11-21T02:21:00Z,False,False,False,False
2025-11-21,5,6,2025-11-21T02:27:00Z,2025-11-21T02:30:00Z,-3,-3,AG-JSTK02,2__JSTAT002,35845,2025-11-21T02:01:00Z,False,False,False,False
2025-11-21,5,6,2025-11-21T02:27:00Z,2025-11-21T02:30:00Z,-5,-5,BHOLB-1,E_BHOLB-1,49708,2025-11-21T02:01:00Z,False,False,False,False
2025-11-21,5,5,2025-11-21T02:27:00Z,2025-11-21T02:28:00Z,-2,-5,AG-ASTK05,2__ASTAT005,43492,2025-11-21T02:01:00Z,False,False,False,False
2025-11-21,5,5,2025-11-21T02:27:00Z,2025-11-21T02:28:00Z,-7,-1,BUSTB-1,T_BUSTB-1,42190,2025-11-21T02:02:00Z,False,False,False,False
2025-11-21,5,5,2025-11-21T02:27:00Z,2025-11-21T02:28:00Z,-7,-2,BUSTB-1,T_BUSTB-1,42191,2025-11-21T02:03:00Z,False,False,False,False
2025-11-21,5,5,2025-11-21T02:27:00Z,2025-11-21T02:28:00Z,-2,0,COWB-1,T_COWB-1,45756,2025-11-21T02:01:00Z,False,False,False,False
2025-11-21,5,5,2025-11-21T02:27:00Z,2025-11-21T02:28:00Z,-2,-1,COWB-1,T_COWB-1,45757,2025-11-21T02:02:00Z,False,False,False,False
2025-11-21,5,5,2025-11-21T02:27:00Z,2025-11-21T02:28:00Z,-12,0,KEMB-1,T_KEMB-1,45623,2025-11-21T02:02:00Z,False,False,False,False
2025-11-21,5,5,2025-11-21T02:27:00Z,2025-11-21T02:28:00Z,-13,-1,LARKB-1,T_LARKB-1,31073,2025-11-21T02:01:00Z,False,False,False,False
2025-11-21,5,5,2025-11-21T02:27:00Z,2025-11-21T02:28:00Z,-13,-2,LARKB-1,T_LARKB-1,31074,2025-11-21T02:02:00Z,False,False,False,False
2025-11-21,5,5,2025-11-21T02:27:00Z,2025-11-21T02:28:00Z,0,-41,LKSDB-1,T_LKSDB-1,26809,2025-11-21T02:03:00Z,False,False,False,False
2025-11-21,5,5,2025-11-21T02:27:00Z,2025-11-21T02:28:00Z,-12,-1,NURSB-1,T_NURSB-1,39131,2025-11-21T02:02:00Z,False,False,False,False
2025-11-21,5,5,2025-11-21T02:27:00Z,2025-11-21T02:28:00Z,-16,0,SUNDB-1,T_SUNDB-1,31881,2025-11-21T02:01:00Z,False,False,False,False
2025-11-21,5,5,2025-11-21T02:26:00Z,2025-11-21T02:28:00Z,-18,-18,BLHLB-4,T_BLHLB-4,16634,2025-11-21T02:04:00Z,False,False,False,False
2025-11-21,5,5,2025-11-21T02:26:00Z,2025-11-21T02:27:00Z,-9,-7,AG-HEDF02,2__HLOND002,12955,2025-11-21T02:02:00Z,False,False,False,False
2025-11-21,5,5,2025-11-21T02:26:00Z,2025-11-21T02:27:00Z,-2,-3,AG-JSTK02,2__JSTAT002,35845,2025-11-21T02:01:00Z,False,False,False,False
2025-11-21,5,5,2025-11-21T02:26:00Z,2025-11-21T02:27:00Z,-4,-5,BHOLB-1,E_BHOLB-1,49708,2025-11-21T02:01:00Z,False,False,False,False
2025-11-21,5,5,2025-11-21T02:25:00Z,2025-11-21T02:28:00Z,-16,-16,BLHLB-3,T_BLHLB-3,16977,2025-11-21T02:04:00Z,False,False,False,False
2025-11-21,5,5,2025-11-21T02:25:00Z,2025-11-21T02:27:00Z,-12,-12,NURSB-1,T_NURSB-1,39131,2025-11-21T02:02:00Z,False,False,False,False
2025-11-21,5,5,2025-11-21T02:25:00Z,2025-11-21T02:26:00Z,-19,-7,BLHLB-4,T_BLHLB-4,16633,2025-11-21T02:03:00Z,False,False,False,False
2025-11-21,5,5,2025-11-21T02:25:00Z,2025-11-21T02:26:00Z,-19,-18,BLHLB-4,T_BLHLB-4,16634,2025-11-21T02:04:00Z,False,False,False,False
2025-11-21,5,5,2025-11-21T02:24:00Z,2025-11-21T02:27:00Z,-12,-12,KEMB-1,T_KEMB-1,45623,2025-11-21T02:02:00Z,False,False,False,False
2025-11-21,5,5,2025-11-21T02:24:00Z,2025-11-21T02:25:00Z,-19,-10,BLHLB-3,T_BLHLB-3,16976,2025-11-21T02:03:00Z,False,False,False,False
2025-11-21,5,5,2025-11-21T02:24:00Z,2025-11-21T02:25:00Z,-19,-16,BLHLB-3,T_BLHLB-3,16977,2025-11-21T02:04:00Z,False,False,False,False
2025-11-21,5,5,2025-11-21T02:24:00Z,2025-11-21T02:25:00Z,-5,-1,NURSB-1,T_NURSB-1,39130,2025-11-21T02:01:00Z,False,False,False,False
2025-11-21,5,5,2025-11-21T02:24:00Z,2025-11-21T02:25:00Z,-5,-12,NURSB-1,T_NURSB-1,39131,2025-11-21T02:02:00Z,False,False,False,False
2025-11-21,5,5,2025-11-21T02:24:00Z,2025-11-21T02:25:00Z,30,0,WBURB-1,T_WBURB-1,152411,2025-11-21T01:02:00Z,False,False,False,False
2025-11-21,5,6,2025-11-21T02:23:00Z,2025-11-21T02:30:00Z,-2,-2,COVNB-1,T_COVNB-1,42803,2025-11-21T02:02:00Z,False,False,False,False
2025-11-21,5,5,2025-11-21T02:23:00Z,2025-11-21T02:27:00Z,220,270,SCCL-2,T_SCCL-2,129917,2025-11-21T02:21:00Z,False,False,False,False
2025-11-21,5,5,2025-11-21T02:23:00Z,2025-11-21T02:24:00Z,-7,0,KEMB-1,T_KEMB-1,45622,2025-11-21T02:01:00Z,False,False,False,False
2025-11-21,5,5,2025-11-21T02:23:00Z,2025-11-21T02:24:00Z,-7,-12,KEMB-1,T_KEMB-1,45623,2025-11-21T02:02:00Z,False,False,False,False
2025-11-21,5,6,2025-11-21T02:22:00Z,2025-11-21T02:34:00Z,290,380,HUMR-1,T_HUMR-1,214779,2025-11-21T02:20:00Z,False,False,False,False
2025-11-21,5,6,2025-11-21T02:22:00Z,2025-11-21T02:30:00Z,250,250,WBURB-1,T_WBURB-1,152414,2025-11-21T02:17:00Z,False,False,False,False
2025-11-21,5,5,2025-11-21T02:22:00Z,2025-11-21T02:24:00Z,-5,-5,NURSB-1,T_NURSB-1,39130,2025-11-21T02:01:00Z,False,False,False,False
2025-11-21,5,5,2025-11-21T02:22:00Z,2025-11-21T02:23:00Z,-46,0,BLHLB-1,T_BLHLB-1,16932,2025-11-21T02:03:00Z,False,False,False,False
2025-11-21,5,5,2025-11-21T02:22:00Z,2025-11-21T02:23:00Z,-1,0,COVNB-1,T_COVNB-1,42802,2025-11-21T02:01:00Z,False,False,False,False
2025-11-21,5,5,2025-11-21T02:22:00Z,2025-11-21T02:23:00Z,-1,-2,COVNB-1,T_COVNB-1,42803,2025-11-21T02:02:00Z,False,False,False,False
2025-11-21,5,5,2025-11-21T02:21:00Z,2025-11-21T02:23:00Z,-7,-7,KEMB-1,T_KEMB-1,45622,2025-11-21T02:01:00Z,False,False,False,False
2025-11-21,5,5,2025-11-21T02:21:00Z,2025-11-21T02:22:00Z,-1,-5,NURSB-1,T_NURSB-1,39130,2025-11-21T02:01:00Z,False,False,False,False
2025-11-21,5,5,2025-11-21T02:20:00Z,2025-11-21T02:27:00Z,-7,-7,BUSTB-1,T_BUSTB-1,42190,2025-11-21T02:02:00Z,False,False,False,False
2025-11-21,5,5,2025-11-21T02:20:00Z,2025-11-21T02:22:00Z,-46,-46,BLHLB-1,T_BLHLB-1,16932,2025-11-21T02:03:00Z,False,False,False,False
2025-11-21,5,5,2025-11-21T02:20:00Z,2025-11-21T02:21:00Z,0,-7,KEMB-1,T_KEMB-1,45622,2025-11-21T02:01:00Z,False,False,False,False
2025-11-21,5,5,2025-11-21T02:19:00Z,2025-11-21T02:26:00Z,-9,-9,AG-HEDF02,2__HLOND002,12955,2025-11-21T02:02:00Z,False,False,False,False
2025-11-21,5,5,2025-11-21T02:19:00Z,2025-11-21T02:22:00Z,185,250,WBURB-1,T_WBURB-1,152414,2025-11-21T02:17:00Z,False,False,False,False
2025-11-21,5,5,2025-11-21T02:19:00Z,2025-11-21T02:20:00Z,-43,0,BLHLB-1,T_BLHLB-1,16931,2025-11-21T02:02:00Z,False,False,False,False
2025-11-21,5,5,2025-11-21T02:19:00Z,2025-11-21T02:20:00Z,-43,-46,BLHLB-1,T_BLHLB-1,16932,2025-11-21T02:03:00Z,False,False,False,False
2025-11-21,5,5,2025-11-21T02:19:00Z,2025-11-21T02:20:00Z,-5,-1,BUSTB-1,T_BUSTB-1,42189,2025-11-21T02:01:00Z,False,False,False,False
2025-11-21,5,5,2025-11-21T02:19:00Z,2025-11-21T02:20:00Z,-5,-7,BUSTB-1,T_BUSTB-1,42190,2025-11-21T02:02:00Z,False,False,False,False
2025-11-21,5,6,2025-11-21T02:18:00Z,2025-11-21T02:48:00Z,300,300,GRAI-7,T_GRAI-7,150138,2025-11-21T01:54:00Z,False,False,False,False
2025-11-21,5,5,2025-11-21T02:18:00Z,2025-11-21T02:29:00Z,300,430,GRAI-7,T_GRAI-7,150137,2025-11-21T01:15:00Z,False,False,False,False
2025-11-21,5,5,2025-11-21T02:18:00Z,2025-11-21T02:24:00Z,-19,-19,BLHLB-3,T_BLHLB-3,16976,2025-11-21T02:03:00Z,False,False,False,False
2025-11-21,5,5,2025-11-21T02:18:00Z,2025-11-21T02:19:00Z,-15,-7,AG-HEDF02,2__HLOND002,12954,2025-11-21T02:01:00Z,False,False,False,False
2025-11-21,5,5,2025-11-21T02:18:00Z,2025-11-21T02:19:00Z,-15,-9,AG-HEDF02,2__HLOND002,12955,2025-11-21T02:02:00Z,False,False,False,False
2025-11-21,5,5,2025-11-21T02:18:00Z,2025-11-21T02:19:00Z,-39,0,BLHLB-2,T_BLHLB-2,17004,2025-11-21T02:02:00Z,False,False,False,False
2025-11-21,5,5,2025-11-21T02:17:00Z,2025-11-21T02:22:00Z,-1,-1,COVNB-1,T_COVNB-1,42802,2025-11-21T02:01:00Z,False,False,False,False
2025-11-21,5,5,2025-11-21T02:17:00Z,2025-11-21T02:19:00Z,-5,-5,BUSTB-1,T_BUSTB-1,42189,2025-11-21T02:01:00Z,False,False,False,False
2025-11-21,5,5,2025-11-21T02:17:00Z,2025-11-21T02:18:00Z,-14,-10,BLHLB-3,T_BLHLB-3,16975,2025-11-21T02:02:00Z,False,False,False,False
2025-11-21,5,5,2025-11-21T02:17:00Z,2025-11-21T02:18:00Z,-14,-19,BLHLB-3,T_BLHLB-3,16976,2025-11-21T02:03:00Z,False,False,False,False
2025-11-21,5,5,2025-11-21T02:16:00Z,2025-11-21T02:27:00Z,-2,-2,COWB-1,T_COWB-1,45756,2025-11-21T02:01:00Z,False,False,False,False
2025-11-21,5,5,2025-11-21T02:16:00Z,2025-11-21T02:18:00Z,-15,-15,AG-HEDF02,2__HLOND002,12954,2025-11-21T02:01:00Z,False,False,False,False
2025-11-21,5,5,2025-11-21T02:16:00Z,2025-11-21T02:17:00Z,-1,-5,BUSTB-1,T_BUSTB-1,42189,2025-11-21T02:01:00Z,False,False,False,False
2025-11-21,5,5,2025-11-21T02:16:00Z,2025-11-21T02:17:00Z,0,-1,COVNB-1,T_COVNB-1,42802,2025-11-21T02:01:00Z,False,False,False,False
2025-11-21,5,6,2025-11-21T02:15:00Z,2025-11-21T02:30:00Z,-49,-49,BREDB-1,T_BREDB-1,3331,2025-11-21T02:01:00Z,False,False,False,False
2025-11-21,5,5,2025-11-21T02:15:00Z,2025-11-21T02:27:00Z,-13,-13,LARKB-1,T_LARKB-1,31073,2025-11-21T02:01:00Z,False,False,False,False
2025-11-21,5,5,2025-11-21T02:15:00Z,2025-11-21T02:27:00Z,-16,-16,SUNDB-1,T_SUNDB-1,31881,2025-11-21T02:01:00Z,False,False,False,False
2025-11-21,5,5,2025-11-21T02:15:00Z,2025-11-21T02:19:00Z,-43,-43,BLHLB-1,T_BLHLB-1,16931,2025-11-21T02:02:00Z,False,False,False,False
2025-11-21,5,5,2025-11-21T02:15:00Z,2025-11-21T02:18:00Z,-39,-39,BLHLB-2,T_BLHLB-2,17004,2025-11-21T02:02:00Z,False,False,False,False
2025-11-21,5,5,2025-11-21T02:15:00Z,2025-11-21T02:17:00Z,-14,-14,BLHLB-3,T_BLHLB-3,16975,2025-11-21T02:02:00Z,False,False,False,False
2025-11-21,5,5,2025-11-21T02:15:00Z,2025-11-21T02:16:00Z,-5,0,AG-CBS08M,V__MCEND001,13908,2025-11-21T02:01:00Z,False,False,False,False
2025-11-21,5,5,2025-11-21T02:15:00Z,2025-11-21T02:16:00Z,-7,-15,AG-HEDF02,2__HLOND002,12954,2025-11-21T02:01:00Z,False,False,False,False
2025-11-21,5,5,2025-11-21T02:15:00Z,2025-11-21T02:16:00Z,0,-2,COWB-1,T_COWB-1,45756,2025-11-21T02:01:00Z,False,False,False,False
2025-11-21,5,5,2025-11-21T02:14:00Z,2025-11-21T02:25:00Z,-19,-19,BLHLB-4,T_BLHLB-4,16633,2025-11-21T02:03:00Z,False,False,False,False
2025-11-21,5,5,2025-11-21T02:14:00Z,2025-11-21T02:15:00Z,-50,0,BLHLB-1,T_BLHLB-1,16930,2025-11-21T02:01:00Z,False,False,False,False
2025-11-21,5,5,2025-11-21T02:14:00Z,2025-11-21T02:15:00Z,-50,-43,BLHLB-1,T_BLHLB-1,16931,2025-11-21T02:02:00Z,False,False,False,False
2025-11-21,5,5,2025-11-21T02:14:00Z,2025-11-21T02:15:00Z,-50,0,BLHLB-2,T_BLHLB-2,17003,2025-11-21T02:01:00Z,False,False,False,False
2025-11-21,5,5,2025-11-21T02:14:00Z,2025-11-21T02:15:00Z,-50,-39,BLHLB-2,T_BLHLB-2,17004,2025-11-21T02:02:00Z,False,False,False,False
2025-11-21,5,5,2025-11-21T02:14:00Z,2025-11-21T02:15:00Z,-19,-10,BLHLB-3,T_BLHLB-3,16974,2025-11-21T02:01:00Z,False,False,False,False
2025-11-21,5,5,2025-11-21T02:14:00Z,2025-11-21T02:15:00Z,-19,-14,BLHLB-3,T_BLHLB-3,16975,2025-11-21T02:02:00Z,False,False,False,False
2025-11-21,5,5,2025-11-21T02:14:00Z,2025-11-21T02:15:00Z,0,-49,BREDB-1,T_BREDB-1,3331,2025-11-21T02:01:00Z,False,False,False,False
2025-11-21,5,5,2025-11-21T02:14:00Z,2025-11-21T02:15:00Z,-1,-13,LARKB-1,T_LARKB-1,31073,2025-11-21T02:01:00Z,False,False,False,False
2025-11-21,5,5,2025-11-21T02:14:00Z,2025-11-21T02:15:00Z,-39,0,LKSDB-1,T_LKSDB-1,26808,2025-11-21T02:02:00Z,False,False,False,False
2025-11-21,5,5,2025-11-21T02:14:00Z,2025-11-21T02:15:00Z,-10,0,POTES-1,E_POTES-1,31670,2025-11-21T02:01:00Z,False,False,False,False
2025-11-21,5,5,2025-11-21T02:14:00Z,2025-11-21T02:15:00Z,0,-16,SUNDB-1,T_SUNDB-1,31881,2025-11-21T02:01:00Z,False,False,False,False
2025-11-21,5,5,2025-11-21T02:13:00Z,2025-11-21T02:24:00Z,158,30,WBURB-1,T_WBURB-1,152411,2025-11-21T01:02:00Z,False,False,False,False
2025-11-21,5,5,2025-11-21T02:13:00Z,2025-11-21T02:15:00Z,-5,-5,AG-CBS08M,V__MCEND001,13908,2025-11-21T02:01:00Z,False,False,False,False
2025-11-21,5,5,2025-11-21T02:13:00Z,2025-11-21T02:14:00Z,-14,-7,BLHLB-4,T_BLHLB-4,16632,2025-11-21T02:02:00Z,False,False,False,False
2025-11-21,5,5,2025-11-21T02:13:00Z,2025-11-21T02:14:00Z,-14,-19,BLHLB-4,T_BLHLB-4,16633,2025-11-21T02:03:00Z,False,False,False,False
2025-11-21,5,5,2025-11-21T02:12:00Z,2025-11-21T02:14:00Z,-10,-10,POTES-1,E_POTES-1,31670,2025-11-21T02:01:00Z,False,False,False,False
2025-11-21,5,5,2025-11-21T02:12:00Z,2025-11-21T02:13:00Z,0,-5,AG-CBS08M,V__MCEND001,13908,2025-11-21T02:01:00Z,False,False,False,False
2025-11-21,5,6,2025-11-21T02:11:00Z,2025-11-21T02:41:00Z,185,185,WBURB-1,T_WBURB-1,152412,2025-11-21T01:31:00Z,False,False,False,False
2025-11-21,5,5,2025-11-21T02:11:00Z,2025-11-21T02:14:00Z,-39,-39,LKSDB-1,T_LKSDB-1,26808,2025-11-21T02:02:00Z,False,False,False,False
2025-11-21,5,5,2025-11-21T02:11:00Z,2025-11-21T02:13:00Z,-14,-14,BLHLB-4,T_BLHLB-4,16632,2025-11-21T02:02:00Z,False,False,False,False
2025-11-21,5,5,2025-11-21T02:11:00Z,2025-11-21T02:13:00Z,185,158,WBURB-1,T_WBURB-1,152411,2025-11-21T01:02:00Z,False,False,False,False
2025-11-21,5,5,2025-11-21T02:11:00Z,2025-11-21T02:12:00Z,-5,0,FBPG02,2__FBPGM002,28134,2025-11-21T02:01:00Z,False,False,False,False
2025-11-21,5,5,2025-11-21T02:11:00Z,2025-11-21T02:12:00Z,0,-10,POTES-1,E_POTES-1,31670,2025-11-21T02:01:00Z,False,False,False,False
2025-11-21,5,6,2025-11-21T02:10:00Z,2025-11-21T02:30:00Z,-40,-40,BARNB-1,E_BARNB-1,39393,2025-11-21T02:01:00Z,False,False,False,False
2025-11-21,5,5,2025-11-21T02:10:00Z,2025-11-21T02:14:00Z,-50,-50,BLHLB-2,T_BLHLB-2,17003,2025-11-21T02:01:00Z,False,False,False,False
2025-11-21,5,5,2025-11-21T02:10:00Z,2025-11-21T02:14:00Z,-19,-19,BLHLB-3,T_BLHLB-3,16974,2025-11-21T02:01:00Z,False,False,False,False
2025-11-21,5,5,2025-11-21T02:10:00Z,2025-11-21T02:11:00Z,-40,0,BARNB-1,E_BARNB-1,39392,2025-11-21T01:57:00Z,False,False,False,False
2025-11-21,5,5,2025-11-21T02:10:00Z,2025-11-21T02:11:00Z,-49,0,BLHLB-1,T_BLHLB-1,16929,2025-11-21T01:57:00Z,False,False,False,False
2025-11-21,5,5,2025-11-21T02:10:00Z,2025-11-21T02:11:00Z,-50,0,BLHLB-2,T_BLHLB-2,17002,2025-11-21T01:57:00Z,False,False,False,False
2025-11-21,5,5,2025-11-21T02:10:00Z,2025-11-21T02:11:00Z,-19,-10,BLHLB-3,T_BLHLB-3,16973,2025-11-21T01:57:00Z,False,False,False,False
2025-11-21,5,5,2025-11-21T02:10:00Z,2025-11-21T02:11:00Z,-12,-7,BLHLB-4,T_BLHLB-4,16630,2025-11-21T01:57:00Z,False,False,False,False
2025-11-21,5,5,2025-11-21T02:10:00Z,2025-11-21T02:11:00Z,-19,-7,BLHLB-4,T_BLHLB-4,16631,2025-11-21T02:01:00Z,False,False,False,False
2025-11-21,5,5,2025-11-21T02:10:00Z,2025-11-21T02:11:00Z,-19,-14,BLHLB-4,T_BLHLB-4,16632,2025-11-21T02:02:00Z,False,False,False,False
2025-11-21,5,5,2025-11-21T02:10:00Z,2025-11-21T02:11:00Z,-2,0,COWB-1,T_COWB-1,45755,2025-11-21T01:57:00Z,False,False,False,False
2025-11-21,5,5,2025-11-21T02:10:00Z,2025-11-21T02:11:00Z,-9,0,KEMB-1,T_KEMB-1,45621,2025-11-21T01:58:00Z,False,False,False,False
2025-11-21,5,5,2025-11-21T02:10:00Z,2025-11-21T02:11:00Z,-13,-1,LARKB-1,T_LARKB-1,31072,2025-11-21T01:57:00Z,False,False,False,False
2025-11-21,5,5,2025-11-21T02:10:00Z,2025-11-21T02:11:00Z,-17,0,LKSDB-1,T_LKSDB-1,26807,2025-11-21T02:01:00Z,False,False,False,False
2025-11-21,5,5,2025-11-21T02:10:00Z,2025-11-21T02:11:00Z,-17,-39,LKSDB-1,T_LKSDB-1,26808,2025-11-21T02:02:00Z,False,False,False,False
2025-11-21,5,5,2025-11-21T02:10:00Z,2025-11-21T02:11:00Z,-11,0,SUNDB-1,T_SUNDB-1,31880,2025-11-21T01:57:00Z,False,False,False,False
2025-11-21,5,5,2025-11-21T02:09:00Z,2025-11-21T02:11:00Z,-5,-5,FBPG02,2__FBPGM002,28134,2025-11-21T02:01:00Z,False,False,False,False
2025-11-21,5,5,2025-11-21T02:08:00Z,2025-11-21T02:14:00Z,-50,-50,BLHLB-1,T_BLHLB-1,16930,2025-11-21T02:01:00Z,False,False,False,False
2025-11-21,5,5,2025-11-21T02:08:00Z,2025-11-21T02:10:00Z,-19,-19,BLHLB-4,T_BLHLB-4,16631,2025-11-21T02:01:00Z,False,False,False,False
2025-11-21,5,5,2025-11-21T02:08:00Z,2025-11-21T02:10:00Z,-17,-17,LKSDB-1,T_LKSDB-1,26807,2025-11-21T02:01:00Z,False,False,False,False
2025-11-21,5,5,2025-11-21T02:08:00Z,2025-11-21T02:09:00Z,0,-5,FBPG02,2__FBPGM002,28134,2025-11-21T02:01:00Z,False,False,False,False
2025-11-21,5,5,2025-11-21T02:07:00Z,2025-11-21T02:10:00Z,-9,-9,KEMB-1,T_KEMB-1,45621,2025-11-21T01:58:00Z,False,False,False,False
2025-11-21,5,5,2025-11-21T02:07:00Z,2025-11-21T02:08:00Z,-49,-50,BLHLB-1,T_BLHLB-1,16930,2025-11-21T02:01:00Z,False,False,False,False
2025-11-21,5,5,2025-11-21T02:07:00Z,2025-11-21T02:08:00Z,-12,-19,BLHLB-4,T_BLHLB-4,16631,2025-11-21T02:01:00Z,False,False,False,False
2025-11-21,5,5,2025-11-21T02:07:00Z,2025-11-21T02:08:00Z,0,-17,LKSDB-1,T_LKSDB-1,26807,2025-11-21T02:01:00Z,False,False,False,False
2025-11-21,5,5,2025-11-21T02:06:00Z,2025-11-21T02:08:00Z,740,800,SHBA-1,T_SHBA-1,235056,2025-11-21T01:52:00Z,False,False,False,False
2025-11-21,5,5,2025-11-21T02:06:00Z,2025-11-21T02:07:00Z,-16,-7,AG-HEDF02,2__HLOND002,12953,2025-11-21T01:57:00Z,False,False,False,False
2025-11-21,5,5,2025-11-21T02:06:00Z,2025-11-21T02:07:00Z,0,-9,KEMB-1,T_KEMB-1,45621,2025-11-21T01:58:00Z,False,False,False,False
2025-11-21,5,5,2025-11-21T02:04:00Z,2025-11-21T02:10:00Z,-19,-19,BLHLB-3,T_BLHLB-3,16973,2025-11-21T01:57:00Z,False,False,False,False
2025-11-21,5,5,2025-11-21T02:04:00Z,2025-11-21T02:10:00Z,-2,-2,COWB-1,T_COWB-1,45755,2025-11-21T01:57:00Z,False,False,False,False
2025-11-21,5,5,2025-11-21T02:04:00Z,2025-11-21T02:06:00Z,-16,-16,AG-HEDF02,2__HLOND002,12953,2025-11-21T01:57:00Z,False,False,False,False
2025-11-21,5,5,2025-11-21T02:03:00Z,2025-11-21T02:10:00Z,-13,-13,LARKB-1,T_LARKB-1,31072,2025-11-21T01:57:00Z,False,False,False,False
2025-11-21,5,5,2025-11-21T02:03:00Z,2025-11-21T02:04:00Z,-5,-2,AG-ASTK05,2__ASTAT005,43491,2025-11-21T01:57:00Z,False,False,False,False
2025-11-21,5,5,2025-11-21T02:03:00Z,2025-11-21T02:04:00Z,-7,-16,AG-HEDF02,2__HLOND002,12953,2025-11-21T01:57:00Z,False,False,False,False
2025-11-21,5,5,2025-11-21T02:03:00Z,2025-11-21T02:04:00Z,-7,-4,BHOLB-1,E_BHOLB-1,49707,2025-11-21T01:57:00Z,False,False,False,False
2025-11-21,5,5,2025-11-21T02:03:00Z,2025-11-21T02:04:00Z,-10,-19,BLHLB-3,T_BLHLB-3,16973,2025-11-21T01:57:00Z,False,False,False,False
2025-11-21,5,5,2025-11-21T02:03:00Z,2025-11-21T02:04:00Z,0,-2,COWB-1,T_COWB-1,45755,2025-11-21T01:57:00Z,False,False,False,False
2025-11-21,5,5,2025-11-21T02:03:00Z,2025-11-21T02:04:00Z,-14,0,KEMB-1,T_KEMB-1,45620,2025-11-21T01:57:00Z,False,False,False,False
2025-11-21,5,5,2025-11-21T02:02:00Z,2025-11-21T02:03:00Z,-1,-13,LARKB-1,T_LARKB-1,31072,2025-11-21T01:57:00Z,False,False,False,False
2025-11-21,5,5,2025-11-21T02:02:00Z,2025-11-21T02:03:00Z,-13,-1,NURSB-1,T_NURSB-1,39129,2025-11-21T01:57:00Z,False,False,False,False
2025-11-21,5,5,2025-11-21T02:01:00Z,2025-11-21T02:03:00Z,-5,-5,AG-ASTK05,2__ASTAT005,43491,2025-11-21T01:57:00Z,False,False,False,False
2025-11-21,5,5,2025-11-21T02:01:00Z,2025-11-21T02:03:00Z,-7,-7,BHOLB-1,E_BHOLB-1,49707,2025-11-21T01:57:00Z,False,False,False,False
2025-11-21,5,5,2025-11-21T02:01:00Z,2025-11-21T02:03:00Z,-14,-14,KEMB-1,T_KEMB-1,45620,2025-11-21T01:57:00Z,False,False,False,False
2025-11-21,5,5,2025-11-21T02:00:00Z,2025-11-21T02:10:00Z,-40,-40,BARNB-1,E_BARNB-1,39392,2025-11-21T01:57:00Z,False,False,False,False
2025-11-21,5,5,2025-11-21T02:00:00Z,2025-11-21T02:10:00Z,-49,-49,BLHLB-1,T_BLHLB-1,16929,2025-11-21T01:57:00Z,False,False,False,False
2025-11-21,5,5,2025-11-21T02:00:00Z,2025-11-21T02:10:00Z,-50,-50,BLHLB-2,T_BLHLB-2,17002,2025-11-21T01:57:00Z,False,False,False,False
2025-11-21,5,5,2025-11-21T02:00:00Z,2025-11-21T02:10:00Z,-12,-12,BLHLB-4,T_BLHLB-4,16630,2025-11-21T01:57:00Z,False,False,False,False
2025-11-21,5,5,2025-11-21T02:00:00Z,2025-11-21T02:10:00Z,-11,-11,SUNDB-1,T_SUNDB-1,31880,2025-11-21T01:57:00Z,False,False,False,False
2025-11-21,5,5,2025-11-21T02:00:00Z,2025-11-21T02:02:00Z,-13,-13,NURSB-1,T_NURSB-1,39129,2025-11-21T01:57:00Z,False,False,False,False
2025-11-21,5,5,2025-11-21T02:00:00Z,2025-11-21T02:01:00Z,-1,-5,AG-ASTK05,2__ASTAT005,43491,2025-11-21T01:57:00Z,False,False,False,False
2025-11-21,5,5,2025-11-21T02:00:00Z,2025-11-21T02:01:00Z,-2,-2,AG-JSTK02,2__JSTAT002,35844,2025-11-21T01:57:00Z,False,False,False,False
2025-11-21,5,5,2025-11-21T02:00:00Z,2025-11-21T02:01:00Z,-4,-7,BHOLB-1,E_BHOLB-1,49707,2025-11-21T01:57:00Z,False,False,False,False
2025-11-21,5,5,2025-11-21T02:00:00Z,2025-11-21T02:01:00Z,0,-14,KEMB-1,T_KEMB-1,45620,2025-11-21T01:57:00Z,False,False,False,False
2025-11-21,4,6,2025-11-21T01:59:00Z,2025-11-21T02:30:00Z,220,220,SCCL-2,T_SCCL-2,129914,2025-11-21T01:00:00Z,False,False,False,False
2025-11-21,4,5,2025-11-21T01:56:00Z,2025-11-21T02:06:00Z,740,740,SHBA-1,T_SHBA-1,235056,2025-11-21T01:52:00Z,False,False,False,False
2025-11-21,4,5,2025-11-21T01:48:00Z,2025-11-21T02:18:00Z,300,300,GRAI-7,T_GRAI-7,150137,2025-11-21T01:15:00Z,False,False,False,False
2025-11-21,4,5,2025-11-21T01:41:00Z,2025-11-21T02:11:00Z,185,185,WBURB-1,T_WBURB-1,152411,2025-11-21T01:02:00Z,False,False,False,False
2025-11-21,6,7,2025-11-21T02:59:00Z,2025-11-21T03:01:00Z,325,290,HUMR-1,T_HUMR-1,214781,2025-11-21T02:41:00Z,False,False,False,False
2025-11-21,6,7,2025-11-21T02:59:00Z,2025-11-21T03:00:00Z,0,-5,AG-BFLX04,2__BFLEX004,14748,2025-11-21T02:37:00Z,False,False,False,False
2025-11-21,6,7,2025-11-21T02:59:00Z,2025-11-21T03:00:00Z,-30,-30,AG-GFLX08,2__GFLEX008,6426,2025-11-21T02:37:00Z,False,False,False,False
2025-11-21,6,7,2025-11-21T02:59:00Z,2025-11-21T03:00:00Z,0,-5,AG-GSTK16,2__GSTAT016,20027,2025-11-21T02:37:00Z,False,False,False,False
2025-11-21,6,7,2025-11-21T02:59:00Z,2025-11-21T03:00:00Z,-4,-10,AG-HSTK02,2__HSTAT002,38572,2025-11-21T02:37:00Z,False,False,False,False
2025-11-21,6,7,2025-11-21T02:59:00Z,2025-11-21T03:00:00Z,-4,-5,AG-MSTK01,2__MSTAT001,54089,2025-11-21T02:37:00Z,False,False,False,False
2025-11-21,6,7,2025-11-21T02:59:00Z,2025-11-21T03:00:00Z,-5,-8,AG-MSTK05,2__MSTAT005,19738,2025-11-21T02:37:00Z,False,False,False,False
2025-11-21,6,7,2025-11-21T02:59:00Z,2025-11-21T03:00:00Z,-20,-20,AG-NFLX01,2__NFLEX001,20230,2025-11-21T02:37:00Z,False,False,False,False
2025-11-21,6,7,2025-11-21T02:59:00Z,2025-11-21T03:00:00Z,-5,-5,BHOLB-1,E_BHOLB-1,49711,2025-11-21T02:38:00Z,False,False,False,False
2025-11-21,6,7,2025-11-21T02:59:00Z,2025-11-21T03:00:00Z,-21,-3,BROFB-1,E_BROFB-1,13162,2025-11-21T02:37:00Z,False,False,False,False
2025-11-21,6,7,2025-11-21T02:59:00Z,2025-11-21T03:00:00Z,-37,-37,FBPG02,2__FBPGM002,28135,2025-11-21T02:37:00Z,False,False,False,False
2025-11-21,6,7,2025-11-21T02:59:00Z,2025-11-21T03:00:00Z,0,-10,HIRWB-1,V__KHABI007,3820,2025-11-21T02:37:00Z,False,False,False,False
2025-11-21,6,7,2025-11-21T02:59:00Z,2025-11-21T03:00:00Z,-3,-48,HSSE01,2__HIMPO002,36265,2025-11-21T02:37:00Z,False,False,False,False
2025-11-21,6,7,2025-11-21T02:59:00Z,2025-11-21T03:00:00Z,-1,-1,PILLB-2,E_PILLB-2,45321,2025-11-21T02:37:00Z,False,False,False,False
2025-11-21,6,7,2025-11-21T02:59:00Z,2025-11-21T03:00:00Z,-28,-34,THURB-1,T_THURB-1,6480,2025-11-21T02:37:00Z,False,False,False,False
2025-11-21,6,7,2025-11-21T02:59:00Z,2025-11-21T03:00:00Z,-1,-11,THURB-2,T_THURB-2,5874,2025-11-21T02:37:00Z,False,False,False,False
2025-11-21,6,7,2025-11-21T02:59:00Z,2025-11-21T03:00:00Z,-30,-50,THURB-3,T_THURB-3,5616,2025-11-21T02:37:00Z,False,False,False,False
2025-11-21,6,7,2025-11-21T02:59:00Z,2025-11-21T03:00:00Z,-1,-1,WBURB-41,T_WBURB-41,44590,2025-11-21T02:37:00Z,False,False,False,False
2025-11-21,6,7,2025-11-21T02:59:00Z,2025-11-21T03:00:00Z,-1,-1,WBURB-43,T_WBURB-43,35669,2025-11-21T02:37:00Z,False,False,False,False
2025-11-21,6,7,2025-11-21T02:58:00Z,2025-11-21T03:09:00Z,300,430,GRAI-7,T_GRAI-7,150139,2025-11-21T02:41:00Z,False,False,False,False
2025-11-21,6,7,2025-11-21T02:58:00Z,2025-11-21T03:00:00Z,-19,-19,BLHLB-3,T_BLHLB-3,16979,2025-11-21T02:37:00Z,False,False,False,False
2025-11-21,6,7,2025-11-21T02:58:00Z,2025-11-21T03:00:00Z,-10,-10,BLHLB-4,T_BLHLB-4,16636,2025-11-21T02:37:00Z,False,False,False,False
2025-11-21,6,7,2025-11-21T02:57:00Z,2025-11-21T03:02:00Z,750,750,SHBA-1,T_SHBA-1,235057,2025-11-21T02:53:00Z,False,False,False,False
2025-11-21,6,7,2025-11-21T02:57:00Z,2025-11-21T03:01:00Z,256,200,SHBA-2,T_SHBA-2,198731,2025-11-21T02:55:00Z,False,False,False,False
2025-11-21,6,6,2025-11-21T02:57:00Z,2025-11-21T02:58:00Z,-7,-5,BHOLB-1,E_BHOLB-1,49710,2025-11-21T02:37:00Z,False,False,False,False
2025-11-21,6,6,2025-11-21T02:57:00Z,2025-11-21T02:58:00Z,-5,0,BLHLB-2,T_BLHLB-2,17006,2025-11-21T02:37:00Z,False,False,False,False
2025-11-21,6,6,2025-11-21T02:57:00Z,2025-11-21T02:58:00Z,-4,-19,BLHLB-3,T_BLHLB-3,16979,2025-11-21T02:37:00Z,False,False,False,False
2025-11-21,6,6,2025-11-21T02:57:00Z,2025-11-21T02:58:00Z,-4,-10,BLHLB-4,T_BLHLB-4,16636,2025-11-21T02:37:00Z,False,False,False,False
2025-11-21,6,6,2025-11-21T02:56:00Z,2025-11-21T02:57:00Z,-7,0,BLHLB-1,T_BLHLB-1,16934,2025-11-21T02:37:00Z,False,False,False,False
2025-11-21,6,7,2025-11-21T02:55:00Z,2025-11-21T03:10:00Z,185,185,WBURB-1,T_WBURB-1,152419,2025-11-21T02:51:00Z,False,False,False,False
2025-11-21,6,6,2025-11-21T02:55:00Z,2025-11-21T02:57:00Z,801,750,SHBA-1,T_SHBA-1,235057,2025-11-21T02:53:00Z,False,False,False,False
2025-11-21,6,6,2025-11-21T02:54:00Z,2025-11-21T02:59:00Z,400,325,HUMR-1,T_HUMR-1,214781,2025-11-21T02:41:00Z,False,False,False,False
2025-11-21,6,6,2025-11-21T02:54:00Z,2025-11-21T02:55:00Z,30,0,WBURB-1,T_WBURB-1,152412,2025-11-21T01:31:00Z,False,False,False,False
2025-11-21,6,6,2025-11-21T02:53:00Z,2025-11-21T02:57:00Z,-5,-5,BLHLB-2,T_BLHLB-2,17006,2025-11-21T02:37:00Z,False,False,False,False
2025-11-21,6,6,2025-11-21T02:53:00Z,2025-11-21T02:56:00Z,-7,-7,BLHLB-1,T_BLHLB-1,16934,2025-11-21T02:37:00Z,False,False,False,False
2025-11-21,6,6,2025-11-21T02:53:00Z,2025-11-21T02:55:00Z,325,290,HUMR-1,T_HUMR-1,214780,2025-11-21T02:37:00Z,False,False,False,False
2025-11-21,6,6,2025-11-21T02:53:00Z,2025-11-21T02:55:00Z,228,185,WBURB-1,T_WBURB-1,152419,2025-11-21T02:51:00Z,False,False,False,False
2025-11-21,6,6,2025-11-21T02:52:00Z,2025-11-21T02:53:00Z,0,-7,BLHLB-1,T_BLHLB-1,16934,2025-11-21T02:37:00Z,False,False,False,False
2025-11-21,6,6,2025-11-21T02:52:00Z,2025-11-21T02:53:00Z,0,-5,BLHLB-2,T_BLHLB-2,17006,2025-11-21T02:37:00Z,False,False,False,False
2025-11-21,6,6,2025-11-21T02:52:00Z,2025-11-21T02:53:00Z,-30,-11,BREDB-1,T_BREDB-1,3332,2025-11-21T02:37:00Z,False,False,False,False
2025-11-21,6,6,2025-11-21T02:50:00Z,2025-11-21T02:57:00Z,-7,-7,BHOLB-1,E_BHOLB-1,49710,2025-11-21T02:37:00Z,False,False,False,False
2025-11-21,6,6,2025-11-21T02:50:00Z,2025-11-21T02:52:00Z,-30,-30,BREDB-1,T_BREDB-1,3332,2025-11-21T02:37:00Z,False,False,False,False
2025-11-21,6,6,2025-11-21T02:49:00Z,2025-11-21T02:53:00Z,380,325,HUMR-1,T_HUMR-1,214780,2025-11-21T02:37:00Z,False,False,False,False
2025-11-21,6,6,2025-11-21T02:49:00Z,2025-11-21T02:50:00Z,-5,-7,BHOLB-1,E_BHOLB-1,49710,2025-11-21T02:37:00Z,False,False,False,False
2025-11-21,6,6,2025-11-21T02:49:00Z,2025-11-21T02:50:00Z,-11,-30,BREDB-1,T_BREDB-1,3332,2025-11-21T02:37:00Z,False,False,False,False
2025-11-21,6,6,2025-11-21T02:48:00Z,2025-11-21T02:59:00Z,300,430,GRAI-7,T_GRAI-7,150138,2025-11-21T01:54:00Z,False,False,False,False
2025-11-21,6,6,2025-11-21T02:48:00Z,2025-11-21T02:58:00Z,300,300,GRAI-7,T_GRAI-7,150139,2025-11-21T02:41:00Z,False,False,False,False
2025-11-21,6,6,2025-11-21T02:46:00Z,2025-11-21T02:54:00Z,400,400,HUMR-1,T_HUMR-1,214781,2025-11-21T02:41:00Z,False,False,False,False
2025-11-21,6,6,2025-11-21T02:46:00Z,2025-11-21T02:48:00Z,325,290,HUMR-1,T_HUMR-1,214779,2025-11-21T02:20:00Z,False,False,False,False
2025-11-21,6,6,2025-11-21T02:43:00Z,2025-11-21T02:54:00Z,158,30,WBURB-1,T_WBURB-1,152412,2025-11-21T01:31:00Z,False,False,False,False
2025-11-21,6,6,2025-11-21T02:43:00Z,2025-11-21T02:46:00Z,380,400,HUMR-1,T_HUMR-1,214781,2025-11-21T02:41:00Z,False,False,False,False
2025-11-21,6,6,2025-11-21T02:42:00Z,2025-11-21T02:46:00Z,380,325,HUMR-1,T_HUMR-1,214779,2025-11-21T02:20:00Z,False,False,False,False
2025-11-21,6,8,2025-11-21T02:41:00Z,2025-11-21T03:30:00Z,185,185,WBURB-1,T_WBURB-1,152413,2025-11-21T02:06:00Z,False,False,False,False
2025-11-21,6,6,2025-11-21T02:41:00Z,2025-11-21T02:43:00Z,185,158,WBURB-1,T_WBURB-1,152412,2025-11-21T01:31:00Z,False,False,False,False
2025-11-21,6,6,2025-11-21T02:39:00Z,2025-11-21T02:49:00Z,380,380,HUMR-1,T_HUMR-1,214780,2025-11-21T02:37:00Z,False,False,False,False
2025-11-21,6,6,2025-11-21T02:39:00Z,2025-11-21T02:41:00Z,228,185,WBURB-1,T_WBURB-1,152417,2025-11-21T02:32:00Z,False,False,False,False
2025-11-21,6,7,2025-11-21T02:38:00Z,2025-11-21T03:08:00Z,228,228,WBURB-1,T_WBURB-1,152418,2025-11-21T02:36:00Z,False,False,False,False
2025-11-21,6,6,2025-11-21T02:34:00Z,2025-11-21T02:42:00Z,380,380,HUMR-1,T_HUMR-1,214779,2025-11-21T02:20:00Z,False,False,False,False
2025-11-21,6,6,2025-11-21T02:34:00Z,2025-11-21T02:39:00Z,228,228,WBURB-1,T_WBURB-1,152417,2025-11-21T02:32:00Z,False,False,False,False
2025-11-21,6,6,2025-11-21T02:33:00Z,2025-11-21T02:36:00Z,250,185,WBURB-1,T_WBURB-1,152415,2025-11-21T02:25:00Z,False,False,False,False
2025-11-21,6,6,2025-11-21T02:32:00Z,2025-11-21T02:36:00Z,270,220,SCCL-2,T_SCCL-2,129917,2025-11-21T02:21:00Z,False,False,False,False
